Tile_ID,Mask_ID,Centroid_X,Centroid_Y,Area,Equivalent_Diameter,Corrected_CX,Corrected_CY,File_ID,Order,2p_Thickness
Image_0,131,10.037037037037036,560.6666666666666,351,21.14017691983778,10.463143254520167,560.7060732498841,15,0,0.12122604714856024
Image_0,131,10.037037037037036,560.6666666666666,351,21.14017691983778,10.570458404074703,560.6496887379739,15,1,8.493211145850488
Image_0,128,69.63135593220339,560.9194915254237,236,17.334489682638438,69.68133659331703,561.0309698451507,15,4,0.008072230124438699
Image_0,139,90.8352490421456,561.7318007662835,261,18.229523339239496,90.82581018518518,561.7430555555555,15,6,0.03187076345603174
Image_0,152,117.11315789473684,562.4447368421053,380,21.996159369293583,117.09722222222221,562.4573754789271,15,8,0.039792963426438906
Image_0,152,117.11315789473684,562.4447368421053,380,21.996159369293583,117.12823624595468,562.4324433656958,15,9,6.0617407945448605
Image_0,148,142.15444015444015,561.3667953667954,259,18.15954410458608,142.16267247639797,561.2628903413217,15,10,0.018710268774397156
Image_0,148,142.15444015444015,561.3667953667954,259,18.15954410458608,142.17286135693215,561.247197640118,15,11,7.607329612843557
Image_0,151,164.68260869565216,560.2652173913043,230,17.112717355495807,164.75839475839473,560.2547092547093,15,12,0.015822308435810253
Image_0,151,164.68260869565216,560.2652173913043,230,17.112717355495807,164.75973597359734,560.2389438943893,15,13,5.110313304190672
Image_0,160,188.05523255813952,559.0436046511628,344,20.928315827817965,188.84487951807228,559.1375502008032,15,14,0.017307039164868608
Image_0,160,188.05523255813952,559.0436046511628,344,20.928315827817965,188.85227272727272,559.1531986531986,15,15,4.1124675859996636
Image_0,164,212.849765258216,558.0704225352113,213,16.46815177937675,212.93145743145743,557.8867243867244,15,16,0.05892515303216022
Image_0,164,212.849765258216,558.0704225352113,213,16.46815177937675,212.94626593806922,557.8296903460838,15,17,3.384556073971922
Image_0,168,232.71341463414635,556.7560975609756,164,14.450303987687134,232.32075471698113,557.2050314465408,15,18,0.08495501002986891
Image_0,168,232.71341463414635,556.7560975609756,164,14.450303987687134,232.3760683760684,557.1405508072174,15,19,8.069435882354345
Image_0,180,256.2867924528302,558.8905660377359,265,18.36868202552426,256.3776223776224,558.9469696969696,15,20,0.12852160049482184
Image_0,180,256.2867924528302,558.8905660377359,265,18.36868202552426,256.5,558.9862318840579,15,21,4.470637268290631
Image_0,175,280.00307692307695,557.2492307692307,325,20.34214472564109,279.90814393939394,557.2746212121211,15,22,0.010031494266716397
Image_0,179,305.11072664359864,555.9307958477509,289,19.182445840623718,305.0707573244886,556.0237700386954,15,24,0.013995449439844638
Image_0,194,331.20754716981133,555.3245283018867,265,18.36868202552426,331.30488694383655,555.4777534646244,15,26,0.013627421104237609
Image_0,193,356.81889763779526,553.7401574803149,254,17.983404693292407,356.8216175359032,553.6878306878307,15,28,0.07155338125334698
Image_0,193,356.81889763779526,553.7401574803149,254,17.983404693292407,356.8263762855414,553.7592256503327,15,29,8.006270450135421
Image_0,206,381.9516129032258,550.8387096774194,186,15.389040103942165,381.6473429951691,550.720611916264,15,30,0.06643620256907319
Image_0,206,381.9516129032258,550.8387096774194,186,15.389040103942165,381.70440251572325,550.6865828092242,15,31,9.193065401361192
Image_0,225,407.8780487804878,553.3554006968641,287,19.11595536035256,407.7700463883366,553.2670642809808,15,32,0.029779770868571236
Image_0,219,435.4724919093851,554.6504854368932,309,19.83509564693766,435.36486486486484,554.7227227227227,15,34,0.044922970228437026
Image_0,217,461.4846416382253,553.6962457337884,293,19.314740138231286,461.48268733850125,553.6904392764858,15,36,0.012829753299823918
Image_0,244,508.4,553.4745098039216,255,18.01877032173579,508.4060606060606,553.4915151515152,15,40,0.039023226446436854
Image_0,240,532.2477477477478,552.1981981981982,222,16.812470934731934,532.2139699381079,552.2139699381079,15,42,0.02452919312649226
Image_0,125,552.3584905660377,551.0314465408806,159,14.228319915327,552.3738562091503,551.037908496732,15,44,0.0685923245367152
Image_0,125,552.3584905660377,551.0314465408806,159,14.228319915327,552.4372049102926,551.0642115203021,15,45,
Image_1,938,4.083333333333333,403.1333333333333,120,12.360774464742066,4.566395663956639,403.2723577235772,24,0,0.09045985458200899
Image_1,412,24.689497716894977,400.61187214611874,219,16.698486766680407,24.624891209747602,400.6118363794603,24,2,0.044337645888999966
Image_1,408,52.09215017064847,399.8976109215017,293,19.314740138231286,52.13993710691824,399.9973794549266,24,4,0.060591170111842084
Image_1,408,52.09215017064847,399.8976109215017,293,19.314740138231286,52.175,400.0467948717948,24,5,8.763326258950112
Image_1,407,76.9748743718593,401.36180904522615,199,15.91774699517169,76.91325536062378,401.1608187134503,24,6,0.06986272439785246
Image_1,407,76.9748743718593,401.36180904522615,199,15.91774699517169,76.96879756468796,401.20319634703196,24,7,9.810339907829093
Image_1,409,99.67469879518072,399.73493975903614,166,14.538148590038452,99.7394366197183,399.8579812206572,24,8,0.0595787069103478
Image_1,409,99.67469879518072,399.73493975903614,166,14.538148590038452,99.77127659574468,399.80762411347513,24,9,6.597030707352847
Image_1,482,119.640522875817,402.3137254901961,153,13.957279475043832,119.10625535561267,403.00171379605825,24,10,0.05562206709814221
Image_1,485,138.7680412371134,400.2164948453608,194,15.716503163191918,138.90718562874252,400.2405189620758,24,12,0.023928416640731906
Image_1,485,138.7680412371134,400.2164948453608,194,15.716503163191918,138.9131455399061,400.2636932707355,24,13,7.048033329398844
Image_1,937,159.86547085201795,397.19730941704034,223,16.85029431422316,159.7510766580534,397.297157622739,24,14,0.05953967026407725
Image_1,937,159.86547085201795,397.19730941704034,223,16.85029431422316,159.78050443081116,397.2453987730061,24,15,6.034695937239395
Image_1,934,177.8109756097561,396.3109756097561,164,14.450303987687134,177.79088471849866,396.3092046470062,24,16,0.04313697987634951
Image_1,1010,193.92666666666668,396.36,150,13.81976597885342,193.85549132947978,396.3342967244701,24,18,0.045655159921112326
Image_1,936,211.8855721393035,398.1592039800995,201,15.99753570059363,211.91232048374906,398.318216175359,24,20,0.014324142706075042
Image_1,967,232.3125,394.50625,320,20.185060176161283,232.25159420289853,394.4405797101449,24,22,0.044287153327470324
Image_1,967,232.3125,394.50625,320,20.185060176161283,232.28072692491628,394.4739359158297,24,23,6.7386219372479275
Image_1,966,257.949494949495,394.25,396,22.45446191105733,258.01909307875894,394.35918854415274,24,24,0.011813799322033375
Image_1,966,257.949494949495,394.25,396,22.45446191105733,258.0225352112676,394.34788732394367,24,25,6.401559340218238
Image_1,965,282.25,396.99242424242425,264,18.333991376950163,282.2685185185185,397.0989583333333,24,26,0.023839169726917214
Image_1,635,303.9197860962567,399.3155080213904,187,15.430353037616328,303.7402733964248,399.18611987381706,24,28,0.07885887122360574
Image_1,635,303.9197860962567,399.3155080213904,187,15.430353037616328,303.7729115977291,399.25790754257906,24,29,6.542471410211483
Image_1,702,351.4577777777778,399.73777777777775,225,16.925687506432688,351.3062330623306,399.770325203252,24,32,0.07137037085723914
Image_1,702,351.4577777777778,399.73777777777775,225,16.925687506432688,351.33843537414964,399.7066326530612,24,33,6.387497285591156
Image_1,699,372.3080808080808,403.2979797979798,198,15.877702285203682,372.42181540808537,403.3005339435545,24,34,0.03126464158332277
Image_1,699,372.3080808080808,403.2979797979798,198,15.877702285203682,372.4528668610301,403.30417881438285,24,35,4.7177148181982425
Image_1,698,393.17753623188406,402.4855072463768,276,18.746042631630413,393.1535087719298,402.4632675438596,24,36,0.06999266225369133
Image_1,779,412.0778443113773,404.6467065868263,167,14.581872443920645,412.0947242206235,404.5659472422062,24,38,0.08135788291976974
Image_1,780,430.3252032520325,408.2357723577236,123,12.514330345744634,430.52941176470586,408.29656862745094,24,40,0.03825904239860241
Image_1,781,449.14666666666665,407.3066666666667,225,16.925687506432688,449.1316526610644,407.1155462184874,24,42,0.038877292441660334
Image_1,776,468.18543046357615,408.682119205298,151,13.86575534383214,468.23497267759564,408.7568306010929,24,44,0.03941673994800934
Image_1,776,468.18543046357615,408.682119205298,151,13.86575534383214,468.2572016460905,408.7242798353909,24,45,4.028416084794635
Image_1,846,486.2701421800948,411.3175355450237,211,16.39065416446578,486.07550644567215,411.4686924493554,24,46,0.0675937302268393
Image_1,846,486.2701421800948,411.3175355450237,211,16.39065416446578,486.12518195050944,411.4228529839883,24,47,4.547980466722269
Image_1,847,505.4976076555024,414.133971291866,209,16.312788383647018,505.4825124910778,414.1463240542469,24,48,0.04408207730590955
Image_1,850,526.043795620438,414.51824817518246,137,13.207339536360733,526.325369738339,415.0261660978384,24,50,0.16413230350252114
Image_1,850,526.043795620438,414.51824817518246,137,13.207339536360733,526.3590982286635,415.18679549114324,24,51,6.791888055275514
Image_1,318,545.2134146341464,413.7743902439024,164,14.450303987687134,545.088807785888,413.65936739659367,24,52,0.08002090358880846
Image_1,318,545.2134146341464,413.7743902439024,164,14.450303987687134,545.133517495396,413.5930018416206,24,53,7.4174360231097936
Image_1,321,564.7636363636364,414.3090909090909,165,14.494292838262302,564.5424588086184,414.16730038022814,24,54,0.09458154065482804
Image_1,321,564.7636363636364,414.3090909090909,165,14.494292838262302,564.577841451767,414.25501432664754,24,55,7.618343232312736
Image_1,319,587.156626506024,413.5983935742972,249,17.805522925178455,587.1836105976586,413.50092421441775,24,56,0.004938826356319344
Image_1,323,611.4635193133047,413.8197424892704,233,17.22396045987371,611.3827913279132,413.61653116531164,24,58,0.083871315554293
Image_1,323,611.4635193133047,413.8197424892704,233,17.22396045987371,611.4644097222222,413.5972222222222,24,59,8.833321208437898
Image_1,317,634.7142857142857,414.6457142857143,175,14.927053303604616,634.276923076923,414.57179487179485,24,60,0.08867618242576376
Image_1,317,634.7142857142857,414.6457142857143,175,14.927053303604616,634.3651685393259,414.58052434456926,24,61,
Image_10,337,20.70469798657718,350.28859060402687,298,19.47884453275087,20.689230769230768,350.37179487179486,32,0,0.048325488927222646
Image_10,337,20.70469798657718,350.28859060402687,298,19.47884453275087,20.711610486891384,350.3289637952559,32,1,5.363615335321722
Image_10,342,44.09189189189189,348.8702702702703,185,15.347615963921076,44.03826530612245,349.015306122449,32,2,0.006313631857979701
Image_10,340,65.2,349.8,240,17.480774889473267,65.20194174757282,349.83300970873785,32,4,0.0678573476314198
Image_10,339,90.77966101694916,347.614406779661,236,17.334489682638438,90.94573643410853,347.61498708010333,32,6,0.034557587617000694
Image_10,339,90.77966101694916,347.614406779661,236,17.334489682638438,90.95145631067962,347.58090614886726,32,7,7.97726511089456
Image_10,412,117.98818897637796,346.37401574803147,254,17.983404693292407,117.89813140446051,346.29656419529834,32,8,0.04097230980000802
Image_10,416,144.04780876494024,345.1314741035857,251,17.876888032555495,144.0151171579743,345.2448979591837,32,10,0.038818343993057516
Image_10,416,144.04780876494024,345.1314741035857,251,17.876888032555495,144.03229737964654,345.2797074954296,32,11,6.462415610073233
Image_10,409,168.5179282868526,344.62549800796813,251,17.876888032555495,168.48868778280544,344.736802413273,32,12,0.01877133972268233
Image_10,473,206.2147435897436,337.90064102564105,312,19.93114994066752,206.0984299516908,337.7397342995169,32,14,0.03684803130623827
Image_10,473,206.2147435897436,337.90064102564105,312,19.93114994066752,206.12325349301395,337.76696606786425,32,15,6.874553965855959
Image_10,471,230.04829545454547,337.13352272727275,352,21.17026971360491,229.9890625,337.1208333333333,32,16,0.031226726964054454
Image_10,471,230.04829545454547,337.13352272727275,352,21.17026971360491,229.9934210526316,337.15175438596486,32,17,5.6662404186420545
Image_10,870,255.71599045346065,335.4510739856802,419,23.09734550211416,255.59734513274336,335.36430678466076,32,18,0.004444690543858951
Image_10,532,279.663430420712,333.2783171521036,309,19.83509564693766,279.6563116370809,333.26577909270213,32,20,0.030202963375159077
Image_10,531,302.3482428115016,333.2619808306709,313,19.963065333312567,302.4702380952381,333.2237103174603,32,22,0.026713048111475342
Image_10,605,326.7267904509284,332.80636604774537,377,21.90916037563184,326.6924019607843,332.89338235294116,32,24,0.0163311402751163
Image_10,601,353.1962174940898,331.2482269503546,423,23.207333483685147,353.1398678414097,331.2613803230543,32,26,0.02275484802250232
Image_10,601,353.1962174940898,331.2482269503546,423,23.207333483685147,353.1507731958763,331.24140893470786,32,27,5.420368690644558
Image_10,602,377.5776397515528,331.0527950310559,322,20.248040236149336,377.57037037037037,331.04729344729344,32,28,0.017367323628726533
Image_10,602,377.5776397515528,331.0527950310559,322,20.248040236149336,377.58416311047887,331.0578473210052,32,29,5.706731041498941
Image_10,671,403.1976470588235,328.9341176470588,425,23.26213245840639,403.2084249084249,329.0003663003663,32,30,0.039811223560994924
Image_10,801,429.78333333333336,327.4642857142857,420,23.12489154112443,429.777633851468,327.46632124352334,32,32,0.011891655318527102
Image_10,674,454.99369085173504,327.22397476340694,317,20.090219901261573,454.98196625945315,327.2478184991274,32,34,0.049980014708846984
Image_10,805,476.32042253521126,325.3978873239437,284,19.015783725757565,476.3091976516634,325.4076973255055,32,36,0.02865902197961194
Image_10,806,497.3816155988858,326.8384401114206,359,21.37973331358283,497.4732297063903,326.8182210708117,32,38,0.039458870513579075
Image_10,808,520.9323076923077,324.0769230769231,325,20.34214472564109,520.8931034482758,324.0086206896552,32,40,0.008145823294044754
Image_10,803,546.8550724637681,324.94202898550725,414,22.959119571977435,546.8530701754386,324.88070175438594,32,42,0.009694516078627797
Image_10,802,572.225,322.925,360,21.40948939383325,572.140826873385,322.9612403100775,32,44,0.009113187436605991
Image_10,804,596.3913043478261,323.0927536231884,345,20.958712816717327,596.4551195308976,323.12674785746503,32,46,0.020980337564107426
Image_10,800,621.0191256830601,324.1311475409836,366,21.587164551489145,621.0224604389995,324.1342521694742,32,48,0.015622947551472597
Image_11,325,2.4444444444444446,45.48484848484848,99,11.227230955528665,2.9880341880341876,45.15384615384615,58,0,0.19904398908286747
Image_11,325,2.4444444444444446,45.48484848484848,99,11.227230955528665,3.074074074074074,44.97435897435897,58,1,12.185775494229784
Image_11,324,12.462962962962964,21.671296296296298,216,16.583719174624104,12.643960036330608,21.677565849227975,58,2,0.03187936162904023
Image_11,324,12.462962962962964,21.671296296296298,216,16.583719174624104,12.675123326286116,21.68428470754052,58,3,8.986413814531446
Image_11,320,19.73198847262248,45.56195965417867,347,21.019374919894773,19.69062832800852,45.66560170394036,58,4,0.01927397323006715
Image_11,319,41.36470588235294,18.929411764705883,255,18.01877032173579,41.25967261904761,19.002232142857142,58,6,0.07386274917311517
Image_11,319,41.36470588235294,18.929411764705883,255,18.01877032173579,41.27596618357488,19.07427536231884,58,7,8.14963585839087
Image_11,313,46.93434343434343,45.62626262626262,396,22.45446191105733,46.92904483430799,45.62884990253411,58,8,0.012202531519414157
Image_11,323,64.109375,19.34375,192,15.635280380893438,63.97241922773837,19.27659574468085,58,10,0.04515913920108102
Image_11,318,74.60506329113925,44.02025316455696,395,22.42609239636699,74.4874651810585,44.02646239554318,58,12,0.002507071981567251
Image_11,322,84.63274336283186,18.353982300884955,226,16.96325844612841,84.63083164300203,18.487491548343474,58,14,0.06057593850682196
Image_11,322,84.63274336283186,18.353982300884955,226,16.96325844612841,84.67848101265822,18.524894514767933,58,15,9.704165472851347
Image_11,870,99.45936395759718,43.053003533568905,283,18.982275710779543,99.44173441734416,43.141463414634146,58,16,0.061967192441063364
Image_11,870,99.45936395759718,43.053003533568905,283,18.982275710779543,99.48844884488449,43.18217821782178,58,17,9.200020852734877
Image_11,50,107.46330275229356,17.18807339449541,218,16.66031874701878,107.45876288659794,17.17611683848797,58,18,0.024334742800721364
Image_11,411,121.1174089068826,42.35627530364373,247,17.733870630789692,121.19668246445498,42.5347551342812,58,20,0.06077213385663294
Image_11,408,134.79527559055117,14.228346456692911,254,17.983404693292407,134.70219198790628,14.168556311413454,58,22,0.09852963053551783
Image_11,408,134.79527559055117,14.228346456692911,254,17.983404693292407,134.78732480195,14.218159658744668,58,23,9.729725866177613
Image_11,403,143.67383512544802,39.51971326164875,279,18.84764794294265,143.43499308437066,39.510373443983404,58,24,0.042605147165911114
Image_11,403,143.67383512544802,39.51971326164875,279,18.84764794294265,143.47755331088663,39.50841750841751,58,25,12.925272223427132
Image_11,406,160.86363636363637,13.926573426573428,286,19.08262324195121,160.9569197630587,13.996768982229403,58,26,0.03818669380002629
Image_11,402,168.79090909090908,37.48181818181818,330,20.49802550887777,168.63254956201013,37.427846934071,58,28,0.04439621716483951
Image_11,402,168.79090909090908,37.48181818181818,330,20.49802550887777,168.67609539656127,37.43649473100388,58,29,12.767637607396424
Image_11,57,187.3364055299539,11.63594470046083,217,16.622063085174787,187.35985663082437,11.744086021505376,58,30,0.04491025522004741
Image_11,57,187.3364055299539,11.63594470046083,217,16.622063085174787,187.3714804722979,11.787465940054496,58,31,8.944091788180085
Image_11,58,191.80408163265307,36.224489795918366,245,17.66192765414112,191.52610441767067,36.383132530120484,58,32,0.10524184152055265
Image_11,58,191.80408163265307,36.224489795918366,245,17.66192765414112,191.58989123480487,36.299424184261035,58,33,6.086325796274174
Image_11,471,212.65543071161048,35.58426966292135,267,18.437867513470437,212.659793814433,35.46735395189003,58,34,0.007589309143520123
Image_11,475,214.7516556291391,8.910596026490067,302,19.60913925979463,214.74274274274273,8.884884884884885,58,36,0.057923906634664714
Image_11,475,214.7516556291391,8.910596026490067,302,19.60913925979463,214.76137761377612,8.939729397293972,58,37,12.255360716083775
Image_11,472,234.03846153846155,33.56153846153846,260,18.19456736586892,234.02926481084938,33.549607423269094,58,38,0.028157704550735272
Image_11,472,234.03846153846155,33.56153846153846,260,18.19456736586892,234.04653868528212,33.5718440954043,58,39,11.748169279761516
Image_11,478,242.7797356828194,7.145374449339207,227,17.000746355818674,242.6158645276292,7.180035650623885,58,40,0.053633055249190924
Image_11,478,242.7797356828194,7.145374449339207,227,17.000746355818674,242.6631504922644,7.20534458509142,58,41,11.379921531159027
Image_11,539,255.82692307692307,31.23076923076923,260,18.19456736586892,255.78867483946289,31.234092235843544,58,42,0.007304595644690406
Image_11,68,270.1223404255319,4.7712765957446805,188,15.471555655790098,270.32142857142856,5.208333333333333,58,44,0.06815647719298255
Image_11,68,270.1223404255319,4.7712765957446805,188,15.471555655790098,270.3563829787234,5.149822695035461,58,45,10.153738980574143
Image_11,534,277.18502202643174,29.475770925110133,227,17.000746355818674,277.0860655737705,29.38661202185792,58,46,0.06637661537919338
Image_11,534,277.18502202643174,29.475770925110133,227,17.000746355818674,277.0979381443299,29.321305841924396,58,47,14.406440775308297
Image_11,536,293.69714285714286,4.4,175,14.927053303604616,293.57287705956907,4.9632446134347274,58,48,0.10616052147925087
Image_11,536,293.69714285714286,4.4,175,14.927053303604616,293.609710550887,4.863678804855275,58,49,9.056910529858378
Image_11,535,298.4981549815498,29.468634686346864,271,18.575465448360347,298.47787114845937,29.443137254901956,58,50,0.04351918370879412
Image_11,904,317.1566265060241,23.783132530120483,83,10.280023453913834,316.8513189448441,23.865707434052755,58,52,0.023527889446211994
Image_11,543,317.57553956834533,4.115107913669065,139,13.303394180365686,317.48220064724916,4.665048543689321,58,54,0.12135031540909813
Image_11,543,317.57553956834533,4.115107913669065,139,13.303394180365686,317.55632183908045,4.568965517241379,58,55,2.8011231023319603
Image_11,82,382.1509433962264,9.283018867924527,265,18.36868202552426,382.12239020878326,9.213822894168466,58,61,0.04268182888317999
Image_11,612,393.9782608695652,6.934782608695652,46,7.653039857325812,394.0,7.0,58,63,0.0
Image_11,674,409.8888888888889,7.9222222222222225,270,18.5411616971131,409.9193168433451,8.104829210836277,58,65,0.0509727472503651
Image_11,674,409.8888888888889,7.9222222222222225,270,18.5411616971131,409.95668135095445,8.13950073421439,58,66,8.68414980400626
Image_11,671,436.5719696969697,6.859848484848484,264,18.333991376950163,436.6262254901961,7.2567401960784315,58,67,0.10494740137416135
Image_11,671,436.5719696969697,6.859848484848484,264,18.333991376950163,436.62996941896023,7.361620795107033,58,68,6.563339141818002
Image_11,86,462.0893617021276,6.327659574468085,235,17.297725082009,462.1872265966754,6.804024496937882,58,69,0.07759477205539883
Image_11,86,462.0893617021276,6.327659574468085,235,17.297725082009,462.19944789510004,6.727398205659075,58,70,10.047923203821707
Image_11,735,491.2532751091703,5.192139737991266,229,17.075475271404667,491.2264685067233,5.625619249823071,58,71,0.13536205277839494
Image_11,735,491.2532751091703,5.192139737991266,229,17.075475271404667,491.234703196347,5.760730593607305,58,72,4.145329843406664
Image_11,89,506.7884615384616,12.5,52,8.136857890256438,507.0,12.5,58,73,0.0
Image_11,736,520.8322580645162,3.741935483870968,155,14.048207338801282,520.7946428571429,4.28125,58,75,0.1056371025401167
Image_11,736,520.8322580645162,3.741935483870968,155,14.048207338801282,520.8417721518987,4.186708860759493,58,76,9.684626384398385
Image_11,230,547.4485981308411,2.794392523364486,107,11.67204486311899,547.5062893081761,3.150943396226415,58,77,0.1043856174280557
Image_11,240,572.5576923076923,2.644230769230769,104,11.507254783503184,572.5445544554456,3.1584158415841586,58,79,0.10603393422987897
Image_11,240,572.5576923076923,2.644230769230769,104,11.507254783503184,572.5692307692308,3.2615384615384615,58,80,
Image_12,320,8.43421052631579,335.5986842105263,304,19.67396303746374,8.6816,335.6186666666666,25,0,0.058577987046502036
Image_12,316,37.32592592592592,335.6024691358025,405,22.70819269818144,37.25481139337952,335.6982294072363,25,2,0.08493279594272324
Image_12,319,64.77854671280276,334.75086505190313,289,19.182445840623718,64.72307692307692,334.7358974358974,25,4,0.05270570700672511
Image_12,319,64.77854671280276,334.75086505190313,289,19.182445840623718,64.7753164556962,334.7289029535865,25,5,6.71284203326281
Image_12,321,90.44771241830064,336.9052287581699,306,19.738573927438622,90.4065934065934,336.77533577533575,25,6,0.018262735480383235
Image_12,393,118.6542372881356,335.1186440677966,295,19.38054864282415,118.71356147021545,335.0842839036755,25,8,0.033232445970927754
Image_12,392,148.10526315789474,336.7315789473684,380,21.996159369293583,148.09849587578844,336.6972343522562,25,10,0.033343749051779704
Image_12,800,175.8561872909699,333.66889632107024,299,19.511499785403828,175.7047440699126,333.6298377028714,25,12,0.03779522799167555
Image_12,800,175.8561872909699,333.66889632107024,299,19.511499785403828,175.7311661506708,333.656862745098,25,13,6.978223076564166
Image_12,462,202.6190476190476,332.7746031746032,315,20.02674353437364,202.69603524229075,332.80812530592266,25,14,0.07651939754386974
Image_12,525,257.3097826086956,327.2554347826087,184,15.306079714651624,257.2866344605475,327.2616747181964,25,18,0.052281197043304015
Image_12,525,257.3097826086956,327.2554347826087,184,15.306079714651624,257.3374741200828,327.2494824016563,25,19,6.171943731396809
Image_12,522,280.49418604651163,327.99418604651163,172,14.798554040663838,280.4995648389904,327.9251523063533,25,20,0.09398480276492793
Image_12,522,280.49418604651163,327.99418604651163,172,14.798554040663838,280.547212741752,327.84414106939704,25,21,7.037705546800748
Image_12,519,305.5491071428572,325.8794642857143,224,16.88803298257901,305.51214574898785,325.93657219973005,25,22,0.02974701252359986
Image_12,519,305.5491071428572,325.8794642857143,224,16.88803298257901,305.51522842639594,325.96615905245346,25,23,6.400343834772777
Image_12,583,332.01960784313724,324.32941176470587,255,18.01877032173579,331.86450839328535,324.3249400479616,25,24,0.05563519184655027
Image_12,582,357.3426294820717,325.49800796812747,251,17.876888032555495,357.2699573430835,325.39122486288846,25,26,0.033218131995586375
Image_12,830,380.9409448818898,325.0472440944882,254,17.983404693292407,380.9342105263158,325.02777777777777,25,28,0.03962891553341893
Image_12,830,380.9409448818898,325.0472440944882,254,17.983404693292407,380.94642857142856,325.06547619047615,25,29,5.650579299428198
Image_12,644,402.5,322.2135922330097,206,16.195287778099022,402.4099197665937,322.2253829321663,25,30,0.05461546925643044
Image_12,855,425.1683168316832,320.7524752475247,303,19.64157789116634,425.06596701649175,320.7996001999,25,32,0.026954947697390028
Image_12,776,448.1751824817519,320.7883211678832,274,18.67799869518773,448.1533196440794,320.94524298425733,25,34,0.022729978766794685
Image_12,777,469.5389830508474,319.664406779661,295,19.38054864282415,469.5340838023765,319.6635397123202,25,36,0.009680222946552035
Image_12,700,487.9050632911392,316.34177215189874,158,14.183506197980655,488.0716417910448,316.3681592039801,25,38,0.03727360161700297
Image_12,696,505.4809523809524,316.0,210,16.351767622932517,505.3873290136789,315.9186465082793,25,40,0.035723734135801044
Image_12,699,525.3418181818182,314.8909090909091,275,18.712051592547777,525.319587628866,314.727147766323,25,42,0.09042079657388682
Image_12,699,525.3418181818182,314.8909090909091,275,18.712051592547777,525.3539232053422,314.810795770729,25,43,3.530427127535205
Image_12,223,546.8879056047198,314.74631268436576,339,20.775663783985824,546.8842342342342,314.74009009009006,25,44,0.01393434615557312
Image_12,223,546.8879056047198,314.74631268436576,339,20.775663783985824,546.8901515151515,314.7527056277056,25,45,3.6143394686985495
Image_12,222,567.4727272727273,313.44,275,18.712051592547777,567.4618341570565,313.42723778143875,25,46,0.036484740781251385
Image_12,222,567.4727272727273,313.44,275,18.712051592547777,567.4854631507775,313.45503718728867,25,47,4.124421192368544
Image_12,227,589.7019867549669,313.6423841059603,302,19.60913925979463,589.6088280060883,313.67123287671234,25,48,0.05869151136635513
Image_12,227,589.7019867549669,313.6423841059603,302,19.60913925979463,589.646408839779,313.62615101289134,25,49,4.151360078532836
Image_12,226,612.7404844290658,313.1695501730104,289,19.182445840623718,612.7906730259671,313.05299417064117,25,50,0.09930107798610419
Image_12,226,612.7404844290658,313.1695501730104,289,19.182445840623718,612.8773646444879,313.00456621004565,25,51,4.441578008556551
Image_12,219,632.5982905982906,314.29059829059827,234,17.26088217525478,632.2818428184282,314.2050587172538,25,52,0.05557900160619407
Image_13,359,2.555555555555556,468.72222222222223,90,10.704744696916627,3.1224105461393594,468.76647834274945,13,0,0.10491416759287686
Image_13,359,2.555555555555556,468.72222222222223,90,10.704744696916627,3.222222222222222,468.79879879879877,13,1,7.156667430573016
Image_13,346,24.36448598130841,467.70093457943926,321,20.21657473114541,24.35095238095238,467.71190476190475,13,2,0.03669784033820967
Image_13,354,54.31720430107527,467.23655913978496,372,21.76338922689847,54.31317600786627,467.26155358898717,13,4,0.014427998063760996
Image_13,348,84.00245098039215,465.25735294117646,408,22.792141940852037,84.02557200538358,465.3041722745626,13,6,0.07028503282066845
Image_13,348,84.00245098039215,465.25735294117646,408,22.792141940852037,84.08437856328392,465.2656784492588,13,7,7.114378074708817
Image_13,42,113.19090909090907,464.57272727272726,330,20.49802550887777,113.19060901906089,464.57694095769403,13,8,0.008755165315128597
Image_13,433,141.56944444444446,462.7048611111111,288,19.149229459268767,141.50228310502283,462.8343118069145,13,10,0.0327178086847426
Image_13,792,174.25503355704697,460.2348993288591,447,23.85661494212072,174.13912688698488,460.25254997960013,13,12,0.006075790606031024
Image_13,514,204.0144927536232,457.0090579710145,552,26.51090773047596,204.06379310344826,456.9632183908045,13,14,0.031869008580236224
Image_13,506,231.8759493670886,458.9291139240506,395,22.42609239636699,231.86344827586205,458.9052873563218,13,16,0.05199245482562696
Image_13,506,231.8759493670886,458.9291139240506,395,22.42609239636699,231.88771929824563,458.9512670565302,13,17,5.75009088464687
Image_13,577,255.51243781094527,455.5273631840796,201,15.99753570059363,255.3920240782543,455.543265613243,13,18,0.02387465287221023
Image_13,575,276.69166666666666,457.0916666666666,240,17.480774889473267,276.62692307692305,457.21858974358975,13,20,0.024333274638944077
Image_13,579,298.611320754717,456.1471698113208,265,18.36868202552426,298.6095890410959,456.1449771689497,13,24,0.005195878696079883
Image_13,578,320.3003412969283,456.2798634812287,293,19.314740138231286,320.2224358974359,456.21666666666664,13,26,0.0904378959215671
Image_13,578,320.3003412969283,456.2798634812287,293,19.314740138231286,320.287447257384,456.27953586497887,13,27,7.455660176633739
Image_13,643,342.5324074074074,453.287037037037,216,16.583719174624104,342.54729109274564,453.3204775022956,13,28,0.020334714645247602
Image_13,643,342.5324074074074,453.287037037037,216,16.583719174624104,342.5676066522053,453.31959508315254,13,29,9.67172640951069
Image_13,647,366.2296650717704,452.9043062200957,209,16.312788383647018,366.2355072463768,452.89402173913044,13,30,0.05748823706960185
Image_13,647,366.2296650717704,452.9043062200957,209,16.312788383647018,366.29022988505744,452.9116379310345,13,31,6.1458547293570405
Image_13,644,387.2150537634408,450.8673835125448,279,18.84764794294265,387.33057395143487,450.8018763796909,13,32,0.0445458092345673
Image_13,644,387.2150537634408,450.8673835125448,279,18.84764794294265,387.3733062330623,450.7892953929539,13,33,5.800081265501248
Image_13,706,410.1041666666667,448.925,240,17.480774889473267,410.09098039215684,448.8525490196078,13,34,0.01991596472620872
Image_13,706,410.1041666666667,448.925,240,17.480774889473267,410.1094244149272,448.84503478810876,13,35,8.442419611792989
Image_13,702,435.2804428044281,448.37269372693726,271,18.575465448360347,435.55161078238,448.9539776462853,13,36,0.45559068865106267
Image_13,702,435.2804428044281,448.37269372693726,271,18.575465448360347,435.7824289405684,449.34677002583976,13,37,7.637591850869448
Image_13,704,461.3955696202532,447.9177215189873,316,20.0585068271871,461.37719298245617,447.86549707602336,13,38,0.055286185251039684
Image_13,791,493.9711711711712,448.0180180180181,555,26.582850624566497,493.51954242135366,448.4312043215761,13,40,0.12799666238628468
Image_13,791,493.9711711711712,448.0180180180181,555,26.582850624566497,493.5802770986145,448.54387394729685,13,41,3.7411773621352964
Image_13,763,520.9304635761589,444.6192052980133,302,19.60913925979463,521.0277777777778,444.5180041152263,13,42,0.037731835486536094
Image_13,255,547.1228813559322,445.6398305084746,236,17.334489682638438,547.1164122137404,445.6533078880407,13,44,0.032177275150080634
Image_13,255,547.1228813559322,445.6398305084746,236,17.334489682638438,547.1309523809524,445.6246031746031,13,45,8.684483804935216
Image_13,252,572.7766666666666,444.18666666666667,300,19.5441004761168,572.775240994419,444.18822932521556,13,46,0.0038076394493841014
Image_13,254,596.2110552763819,444.9145728643216,199,15.91774699517169,596.3508771929825,444.8970251716247,13,48,0.03568831816237772
Image_13,258,617.8443579766537,444.0155642023346,257,18.08929415419344,617.9489007724302,444.0576351752822,13,50,0.06840949982830678
Image_13,258,617.8443579766537,444.0155642023346,257,18.08929415419344,617.9743589743589,443.99413919413917,13,51,3.39918179487627
Image_13,250,635.6779661016949,440.6864406779661,118,12.257335203001883,635.05081300813,440.6585365853659,13,52,0.13237217200085324
Image_13,250,635.6779661016949,440.6864406779661,118,12.257335203001883,635.1763888888888,440.6166666666667,13,53,
Image_14,376,326.03846153846155,469.9423076923077,52,8.136857890256438,326.0,469.6601307189542,12,0,0.08541807527603851
Image_14,376,326.03846153846155,469.9423076923077,52,8.136857890256438,326.0,469.57471264367814,12,1,70.48994396676378
Image_14,232,406.3076923076923,462.86013986013984,143,13.49345229721172,406.2307692307692,463.12066365007536,12,2,0.05318446410652654
Image_14,232,406.3076923076923,462.86013986013984,143,13.49345229721172,406.2838283828383,463.1243124312431,12,3,10.780577454578086
Image_14,228,448.218085106383,463.23936170212767,188,15.471555655790098,448.0637254901961,463.3627450980392,12,4,0.021785607640510306
Image_14,228,448.218085106383,463.23936170212767,188,15.471555655790098,448.06962025316454,463.34177215189874,12,5,7.185444034582524
Image_14,291,475.2163120567376,460.2411347517731,282,18.948708441878452,475.0672097759674,460.1513917175831,12,6,0.02420526029262275
Image_14,291,475.2163120567376,460.2411347517731,282,18.948708441878452,475.07272727272726,460.12782369146004,12,7,8.64315945910501
Image_14,48,502.6639344262295,459.2663934426229,244,17.625846048215095,502.70258349086316,459.2703213610586,12,8,0.042249205494889766
Image_14,48,502.6639344262295,459.2663934426229,244,17.625846048215095,502.71350507416076,459.2295081967213,12,9,8.12973212864355
Image_14,276,529.6044444444444,455.1911111111111,225,16.925687506432688,529.5594262295082,455.3155737704918,12,10,0.01912288918870858
Image_14,167,551.0142857142857,453.87142857142857,140,13.351162356249093,551.2104700854701,453.8643162393162,12,12,0.04459466518182452
Image_14,168,571.4044943820224,454.8820224719101,178,15.054455784347004,571.3972719522591,455.07331628303496,12,14,0.024280016345074585
Image_14,294,592.44,451.68,125,12.6156626101008,592.2320261437908,451.6830065359477,12,16,0.04789090374993262
Image_14,294,592.44,451.68,125,12.6156626101008,592.2723004694835,451.7089201877934,12,17,7.9589173422037405
Image_14,160,615.1542056074767,451.5140186915888,214,16.50676414605009,615.2302222222222,451.4951111111111,12,18,0.02529047792895393
Image_14,163,635.8352941176471,450.22352941176473,85,10.403141895720198,635.2550724637681,450.159420289855,12,20,0.11218019559095463
Image_14,163,635.8352941176471,450.22352941176473,85,10.403141895720198,635.3634651600753,450.18832391713744,12,21,
Image_2,144,4.95852534562212,568.6405529953917,217,16.622063085174787,5.431372549019607,568.5452488687782,11,0,0.10935480272019006
Image_2,144,4.95852534562212,568.6405529953917,217,16.622063085174787,5.540433925049309,568.5532544378698,11,1,5.276142538743034
Image_2,159,25.716012084592144,566.534743202417,331,20.529059630371258,25.71104946833102,566.4872861766065,11,2,0.02761525059533846
Image_2,146,49.395348837209305,563.6686046511628,344,20.928315827817965,49.391633288829546,563.6711170449488,11,4,0.009106141277515939
Image_2,149,73.85502958579882,561.8254437869823,338,20.7449985808745,73.83995584988962,561.758830022075,11,6,0.019265307596829612
Image_2,150,94.56637168141592,557.1637168141593,226,16.96325844612841,94.51507537688443,557.2412060301508,11,8,0.027610338394610325
Image_2,162,115.9076923076923,557.0707692307692,325,20.34214472564109,115.89518900343643,557.217640320733,11,10,0.019639473996323955
Image_2,163,137.7032640949555,554.186943620178,337,20.71428798138497,137.69192751235585,554.2872048325096,11,12,0.033724107557916404
Image_2,166,158.5812274368231,551.6245487364621,277,18.77997214831907,158.585690515807,551.7021630615641,11,14,0.0545745072126383
Image_2,166,158.5812274368231,551.6245487364621,277,18.77997214831907,158.6089613034623,551.7515274949084,11,15,3.616568185715792
Image_2,177,179.1761006289308,552.6761006289308,318,20.12188299403865,179.2077922077922,552.6065416065416,11,16,0.06449535599573115
Image_2,177,179.1761006289308,552.6761006289308,318,20.12188299403865,179.23642732049038,552.6643315820198,11,17,4.403623563723727
Image_2,866,200.0969387755102,547.704081632653,392,22.34076770248023,200.07829181494662,547.7928034796362,11,18,0.02426584100376738
Image_2,875,226.73849372384936,548.4728033472803,478,24.669991941291908,226.73742291463807,548.4806880882829,11,20,0.01677017130889713
Image_2,880,254.6504237288136,547.5084745762712,472,24.514670406003766,254.6390831390831,547.481351981352,11,22,0.019943894573892573
Image_2,880,254.6504237288136,547.5084745762712,472,24.514670406003766,254.65901530272785,547.4820359281437,11,23,4.397715886490669
Image_2,882,279.05,546.815625,320,20.185060176161283,279.04714285714283,546.7980952380951,11,24,0.03806285073635994
Image_2,882,279.05,546.815625,320,20.185060176161283,279.0534482758621,546.8356321839079,11,25,4.551881070167642
Image_2,883,300.58357771260995,545.7741935483871,341,20.83685880248485,300.5748244192328,545.689357104268,11,26,0.02379780755341789
Image_2,880,326.0722891566265,544.6289156626506,415,22.98683125324351,326.0652650021901,544.5948313622426,11,28,0.01230667184372077
Image_2,1084,351.7705223880597,545.8078358208955,536,26.123866405607867,351.62701482914247,545.3391360412637,11,30,0.03820570746507327
Image_2,1084,351.7705223880597,545.8078358208955,536,26.123866405607867,351.6501954215522,545.3087660524847,11,31,1.30171425076173
Image_2,892,373.95217391304345,545.1239130434783,460,24.201036973199617,373.94942254082036,544.9757068896853,11,32,0.0354472621656631
Image_2,892,373.95217391304345,545.1239130434783,460,24.201036973199617,373.9621749408983,545.0087808172914,11,33,4.923299153560258
Image_2,889,395.76756756756754,542.7567567567568,370,21.70480664627101,395.7645107794361,542.7089552238806,11,34,0.028114878607945953
Image_2,1064,416.56,543.7555555555556,450,23.93653682408596,416.6061231510148,543.8414172686618,11,36,0.020909584382202976
Image_2,1064,416.56,543.7555555555556,450,23.93653682408596,416.6243450221685,543.8516727126158,11,37,2.1576316337026924
Image_2,1068,440.3910891089109,548.3283828382838,606,27.77738584009497,440.34841393655745,548.4079563182528,11,38,0.04238676202638339
Image_2,1068,440.3910891089109,548.3283828382838,606,27.77738584009497,440.3619558735837,548.448121645796,11,39,1.7396592861083313
Image_2,851,462.1449275362319,543.7449275362319,345,20.958712816717327,462.6223564954683,543.8041289023162,11,40,0.01947370709638952
Image_2,843,486.3724279835391,545.641975308642,486,24.875578761936158,486.4035874439462,545.4794469357249,11,42,0.019395429158550883
Image_2,849,509.3056994818653,547.119170984456,386,22.16913314200113,509.34259259259255,547.125730994152,11,44,0.0218707894804212
Image_2,846,531.2475961538462,546.9519230769231,416,23.014509567006368,531.258556547619,547.0870535714286,11,46,0.025184018472863404
Image_2,843,553.7751937984497,547.1666666666666,516,25.631847476983477,553.7618187292983,547.0493827160493,11,48,0.03473991110488783
Image_2,849,580.1644245142003,548.8699551569507,669,29.185565874723483,580.0596393897365,548.8522884882108,11,50,0.03599099698843914
Image_2,849,580.1644245142003,548.8699551569507,669,29.185565874723483,580.0620031796502,548.8163751987281,11,51,4.7791415196352816
Image_2,856,599.433734939759,539.2008032128514,249,17.805522925178455,599.5165876777252,539.026066350711,11,52,0.0019079950486639873
Image_2,842,634.7299578059071,540.6118143459915,237,17.371176474327626,634.1704761904762,540.6514285714286,11,56,0.06669587901600303
Image_2,842,634.7299578059071,540.6118143459915,237,17.371176474327626,634.2248226950354,540.6127659574468,11,57,
Image_3,0,1.6458333333333333,626.3333333333334,48,7.817640190446719,1.9547325102880657,626.3251028806584,3,0,0.061698041303853667
Image_3,0,1.6458333333333333,626.3333333333334,48,7.817640190446719,1.9809523809523808,626.3809523809523,3,1,7.2465342552776555
Image_3,4,20.232558139534884,626.5215946843854,301,19.576646877473276,20.226767676767675,626.5429292929292,3,2,0.047430893938555437
Image_3,106,44.265917602996254,625.3970037453183,267,18.437867513470437,44.18940702360391,625.3200921128382,3,4,0.006599364021546132
Image_3,5,70.45052083333333,624.0442708333334,384,22.111625566165472,70.44871794871794,624.0332383665717,3,6,0.02137759053227406
Image_3,5,70.45052083333333,624.0442708333334,384,22.111625566165472,70.45203836930456,624.0543565147882,3,7,5.555147156651678
Image_3,103,96.61204013377926,619.448160535117,299,19.511499785403828,96.60518292682927,619.4512195121952,3,8,0.016630092733975834
Image_3,103,96.61204013377926,619.448160535117,299,19.511499785403828,96.62037037037037,619.4444444444445,3,9,7.849205931627839
Image_3,112,126.50864197530863,617.6567901234567,405,22.70819269818144,126.41313269493844,617.6096671226629,3,10,0.017887827817169088
Image_3,113,158.29955947136563,616.6255506607929,454,24.04268606686374,158.20258272800646,616.683212267958,3,12,0.05826956641568178
Image_3,113,158.29955947136563,616.6255506607929,454,24.04268606686374,158.26009582477752,616.6738535249829,3,13,7.897688118739602
Image_3,123,190.1929347826087,613.8559782608696,368,21.64606551922404,190.04543134252168,613.9989790709545,3,14,0.15381643954272606
Image_3,123,190.1929347826087,613.8559782608696,368,21.64606551922404,190.17365523083438,613.9140194832697,3,15,6.471157807740024
Image_3,122,217.58479532163744,612.5643274853801,342,20.867389014906145,217.61141304347825,612.5597826086956,3,16,0.012977016245713032
Image_3,127,241.05902777777777,610.2152777777778,288,19.149229459268767,241.04384268214054,610.1328175370728,3,18,0.0166169819244493
Image_3,127,241.05902777777777,610.2152777777778,288,19.149229459268767,241.0536948431685,610.1461988304093,3,19,5.38921039746047
Image_3,132,263.320819112628,607.641638225256,293,19.314740138231286,263.29467680608366,607.574144486692,3,20,0.07006138197462494
Image_3,130,284.10357142857146,603.2321428571429,280,18.881394877652596,284.1056105610561,603.0874587458746,3,22,0.016402037792863568
Image_3,133,308.79888268156424,603.6675977653631,358,21.349935761383176,308.8021786492375,603.6605664488018,3,24,0.031323321844240956
Image_3,140,331.3734939759036,599.4538152610442,249,17.805522925178455,331.3625837903717,599.4296160877514,3,26,0.030939411769366945
Image_3,144,350.4021739130435,597.3297101449275,276,18.746042631630413,350.4075935231714,597.2903405918481,3,28,0.013532076906492881
Image_3,137,373.3284023668639,594.8491124260355,338,20.7449985808745,373.3256235827664,594.8439909297052,3,30,0.012037380185273217
Image_3,137,373.3284023668639,594.8491124260355,338,20.7449985808745,373.331172339276,594.8546731496488,3,31,4.266478652901249
Image_3,141,395.49805447470817,592.7976653696498,257,18.08929415419344,395.49118942731275,592.6798825256974,3,32,0.006329095390617563
Image_3,150,416.0449438202247,591.0112359550562,267,18.437867513470437,415.96798170383073,591.0491709548313,3,34,0.031878961673787266
Image_3,152,435.0658914728682,590.6937984496124,258,18.12445316531431,435.1720047449585,590.6435349940688,3,36,0.015762992734595957
Image_3,152,435.0658914728682,590.6937984496124,258,18.12445316531431,435.18208516886926,590.6556534508076,3,37,4.4724165882844105
Image_3,153,453.2551020408163,586.8061224489796,196,15.797308339337176,453.24581430745815,586.7914764079147,3,38,0.03664248497526535
Image_3,153,453.2551020408163,586.8061224489796,196,15.797308339337176,453.2649325626204,586.8227360308285,3,39,5.549867583924449
Image_3,164,473.7016949152542,587.2033898305085,295,19.38054864282415,473.8088803088803,587.3159588159588,3,40,0.04909896370613745
Image_3,159,498.8526912181303,583.1614730878186,353,21.200319792199185,498.7472698907956,583.1794071762871,3,42,0.04757004616365231
Image_3,159,498.8526912181303,583.1614730878186,353,21.200319792199185,498.7826086956522,583.1475625823452,3,43,6.827579926920762
Image_3,160,525.0644171779142,578.6656441717791,326,20.37341629633241,525.2403901319564,578.7085484796328,3,44,0.003840697917694054
Image_3,82,548.3886639676114,574.0404858299595,247,17.733870630789692,548.3783783783783,574.0405405405405,3,46,0.01868070941533654
Image_3,83,571.5217391304348,573.3726708074535,322,20.248040236149336,571.5155709342561,573.5265282583622,3,48,0.04478080988781678
Image_3,87,594.016129032258,571.6693548387096,248,17.769732893161912,593.5775521714608,571.1754089114495,3,50,0.03282913740438182
Image_3,722,612.1883561643835,569.6575342465753,292,19.281751659604677,612.1689922480621,569.6180878552971,3,52,0.040101064469811265
Image_3,81,632.5092936802974,568.542750929368,269,18.5067943613625,632.0090497737557,568.4132730015083,3,54,0.08989128813824702
Image_3,81,632.5092936802974,568.542750929368,269,18.5067943613625,632.0830324909747,568.3622141997593,3,55,
Image_4,454,222.73456790123456,207.7530864197531,162,14.361922094451575,222.84607843137252,207.46568627450978,91,0,0.08840012656054694
Image_4,454,222.73456790123456,207.7530864197531,162,14.361922094451575,222.90494791666666,207.39973958333331,91,1,7.315478385222271
Image_4,455,242.25531914893617,202.18085106382975,188,15.471555655790098,242.46296296296296,201.90404040404042,91,2,0.08331313566746872
Image_4,543,265.27985074626866,196.56716417910448,268,18.47236308621676,265.3410041841004,196.5320781032078,91,4,0.041519475456356515
Image_4,543,265.27985074626866,196.56716417910448,268,18.47236308621676,265.35665529010237,196.57053469852104,91,5,6.65436277282836
Image_4,540,288.89823008849555,193.18584070796464,226,16.96325844612841,288.7657430730479,193.17296389588577,91,6,0.04455075941361966
Image_4,61,308.8142076502732,189.33879781420765,183,15.26443044094783,308.8427983539095,189.45020576131685,91,8,0.02402102301935463
Image_4,613,328.8502415458937,188.21256038647343,207,16.23454913941803,328.93466963622865,188.03266518188565,91,10,0.07540470028537549
Image_4,613,328.8502415458937,188.21256038647343,207,16.23454913941803,328.99906103286384,187.99342723004693,91,11,6.196505528240561
Image_4,615,349.84293193717275,184.28795811518324,191,15.594510349620345,349.8559919436052,184.21450151057402,91,12,0.05451614181743489
Image_4,611,368.9574468085106,184.97340425531917,188,15.471555655790098,368.93374741200824,184.84265010351965,91,14,0.044488956281262176
Image_4,611,368.9574468085106,184.97340425531917,188,15.471555655790098,368.9772357723577,184.8520325203252,91,15,4.285483562706887
Image_4,612,389.0,182.04961832061068,262,18.26441241104166,389.06548933039,182.03016924208976,91,16,0.02061373611395984
Image_4,693,409.492385786802,180.03553299492387,197,15.837556323903858,409.4431137724551,179.89620758483034,91,18,0.0033988825977567124
Image_4,699,427.4929577464789,177.5399061032864,213,16.46815177937675,427.51270878721857,177.51561365286852,91,20,0.04258490640066403
Image_4,876,446.4587628865979,175.15463917525773,194,15.716503163191918,446.59557661927323,174.81990521327015,91,22,0.06661408631863439
Image_4,875,465.82648401826486,171.55707762557077,219,16.698486766680407,465.9285208775654,171.51592356687897,91,24,0.1174096110202925
Image_4,875,465.82648401826486,171.55707762557077,219,16.698486766680407,465.97109304426374,171.40650406504065,91,25,5.376441819217085
Image_4,758,489.2876254180602,169.7190635451505,299,19.511499785403828,489.2858601327207,169.70954568657478,91,26,0.04963237628453664
Image_4,759,512.9269102990033,167.578073089701,301,19.576646877473276,513.0763765541741,167.76731793960923,91,28,0.07492070217269745
Image_4,762,538.0714285714286,165.38198757763976,322,20.248040236149336,538.1267409470752,165.54967502321261,91,30,0.03719112667014292
Image_4,223,565.613698630137,162.7041095890411,365,21.55765371807272,565.6073403720462,162.64655605832075,91,32,0.003690617776741079
Image_4,221,592.6262975778546,160.14186851211073,289,19.182445840623718,592.7598705501617,160.18446601941747,91,34,0.03733465402149705
Image_4,221,592.6262975778546,160.14186851211073,289,19.182445840623718,592.7621333333333,160.1472,91,35,6.899389799351152
Image_4,222,617.6186046511627,158.0790697674419,215,16.545286401814263,617.5719298245614,158.03684210526316,91,36,0.05768880567760193
Image_4,17,637.1724137931035,152.1206896551724,58,8.593479713983122,636.6975308641975,152.5,91,38,0.09177731190311533
Image_4,17,637.1724137931035,152.1206896551724,58,8.593479713983122,636.7893081761006,152.5,91,39,
Image_5,243,8.416666666666666,82.86274509803921,204,16.11647812414279,8.398978847556528,82.86068563092633,43,0,0.03945442965785179
Image_5,247,33.37735849056604,83.0,212,16.42944866646031,33.15833333333333,83.11759259259259,43,2,0.08670762116904832
Image_5,242,63.74061433447099,80.77133105802048,293,19.314740138231286,63.717592592592595,80.76851851851852,43,4,0.05187421388679329
Image_5,242,63.74061433447099,80.77133105802048,293,19.314740138231286,63.76908396946565,80.77480916030534,43,5,7.461648377293727
Image_5,248,90.11111111111111,81.02525252525253,198,15.877702285203682,90.22863741339492,81.10777521170131,43,6,0.058385108824833554
Image_5,248,90.11111111111111,81.02525252525253,198,15.877702285203682,90.2865671641791,81.1004975124378,43,7,8.606724613739583
Image_5,324,116.89513108614231,81.32209737827715,267,18.437867513470437,116.89227298364354,81.33333333333333,43,8,0.02375490692980697
Image_5,326,145.56147540983608,79.81147540983606,244,17.625846048215095,145.43427230046947,79.71752738654146,43,10,0.055014170959815756
Image_5,326,145.56147540983608,79.81147540983606,244,17.625846048215095,145.44756554307116,79.77091136079899,43,11,8.87043839944112
Image_5,766,173.0794979079498,77.07531380753139,239,17.44431859350499,173.18638676844782,77.06552162849871,43,12,0.035982389141526724
Image_5,766,173.0794979079498,77.07531380753139,239,17.44431859350499,173.20396825396824,77.03412698412698,43,13,7.6451913113575
Image_5,395,195.78343949044583,75.94904458598727,157,14.13855043925722,195.82347417840373,75.95586854460093,43,14,0.02762349098544478
Image_5,393,217.8186274509804,75.1470588235294,204,16.11647812414279,217.70972531551595,75.1373422420193,43,16,0.007613870446907059
Image_5,394,240.2164948453608,75.97938144329896,194,15.716503163191918,240.12899896800823,76.15789473684211,43,18,0.041807684990374815
Image_5,394,240.2164948453608,75.97938144329896,194,15.716503163191918,240.1323648103309,76.11622276029055,43,19,7.781838126032522
Image_5,48,262.44973544973544,71.5026455026455,189,15.512648837479231,262.4237804878049,71.41463414634147,43,20,0.015674306596348424
Image_5,456,285.5841584158416,70.0990099009901,202,16.03728119216293,285.7267267267267,70.10585585585585,43,22,0.02531847481065937
Image_5,455,310.6818181818182,68.67727272727272,220,16.73656774376801,310.8623340321453,68.77218728162123,43,24,0.005299175320011062
Image_5,514,337.0196850393701,69.68110236220473,254,17.983404693292407,336.9732142857143,69.71130952380952,43,26,0.05266219856899784
Image_5,514,337.0196850393701,69.68110236220473,254,17.983404693292407,336.9928057553957,69.76019184652277,43,27,7.821545404081917
Image_5,511,361.67248908296943,66.99563318777292,229,17.075475271404667,361.6601307189542,66.99754901960785,43,28,0.02384784847237652
Image_5,516,383.7159763313609,63.946745562130175,169,14.668929172241665,383.67264038231775,63.95459976105137,43,30,0.02127273275069805
Image_5,516,383.7159763313609,63.946745562130175,169,14.668929172241665,383.68127853881276,63.9351598173516,43,31,7.227171081060728
Image_5,575,405.0,62.73571428571429,140,13.351162356249093,404.8776371308017,62.79184247538678,43,32,0.04259798422162917
Image_5,573,427.1578947368421,63.8,190,15.553633450087505,427.1333333333333,63.724603174603175,43,34,0.037494520942246874
Image_5,573,427.1578947368421,63.8,190,15.553633450087505,427.1625,63.70104166666666,43,35,8.483643207829303
Image_5,580,452.5519287833828,60.73887240356083,337,20.71428798138497,452.4760273972603,60.76141552511415,43,36,0.010548600500460345
Image_5,633,477.02222222222224,60.03888888888889,180,15.13879513212096,476.99076406381187,60.22418136020151,43,38,0.07164569346221739
Image_5,629,500.9338842975207,58.54545454545455,242,17.55346033766304,500.92910447761193,58.58768656716418,43,40,0.09063641696982883
Image_5,629,500.9338842975207,58.54545454545455,242,17.55346033766304,500.93981481481484,58.49768518518518,43,41,7.897041445970132
Image_5,631,526.8592592592593,58.52962962962963,270,18.5411616971131,526.8364459535936,58.64346349745331,43,42,0.04444027736129995
Image_5,631,526.8592592592593,58.52962962962963,270,18.5411616971131,526.8594293667362,58.60542797494781,43,43,8.760647836050634
Image_5,168,552.6887755102041,56.454081632653065,196,15.797308339337176,552.5302325581396,56.455813953488374,43,44,0.01540918802501454
Image_5,168,552.6887755102041,56.454081632653065,196,15.797308339337176,552.5443786982248,56.44970414201183,43,45,9.113807187333165
Image_5,169,574.8263888888889,54.88194444444444,144,13.540550005146152,574.6156028368794,55.078014184397155,43,46,0.05062164302431709
Image_5,169,574.8263888888889,54.88194444444444,144,13.540550005146152,574.6298633017875,55.029442691903256,43,47,7.642475928854889
Image_5,166,594.9051094890511,54.27007299270073,137,13.207339536360733,595.2480359147025,54.02805836139169,43,48,0.07928911275072786
Image_5,166,594.9051094890511,54.27007299270073,137,13.207339536360733,595.2678843226788,53.95129375951293,43,49,7.923868272084022
Image_5,165,617.1605839416059,51.956204379562045,274,18.67799869518773,617.1005025125628,51.95309882747069,43,50,0.01276237177188753
Image_5,170,636.8470588235294,49.0,85,10.403141895720198,636.2268041237113,49.07560137457045,43,52,0.13322664015253244
Image_5,170,636.8470588235294,49.0,85,10.403141895720198,636.2814371257485,48.95409181636727,43,53,
Image_6,316,5.27363184079602,329.23383084577114,201,15.99753570059363,5.790754257907542,329.0875912408759,37,0,0.13162293737660716
Image_6,316,5.27363184079602,329.23383084577114,201,15.99753570059363,5.920127795527157,329.11182108626195,37,1,7.703080786650801
Image_6,321,29.51572327044025,328.52515723270443,318,20.12188299403865,29.6156462585034,328.5131195335277,37,2,0.04459554943715133
Image_6,321,29.51572327044025,328.52515723270443,318,20.12188299403865,29.660233918128654,328.5122807017544,37,3,6.8718901001730295
Image_6,319,54.52325581395349,327.9961240310077,258,18.12445316531431,54.529411764705884,328.1449792038027,37,4,0.026132786039701338
Image_6,317,81.44897959183673,328.8061224489796,392,22.34076770248023,81.3572097378277,328.84644194756555,37,6,0.021778753366351964
Image_6,396,111.40533333333332,328.0613333333333,375,21.850968611841584,111.39446509706733,328.1710037174721,37,8,0.04509883572587335
Image_6,396,111.40533333333332,328.0613333333333,375,21.850968611841584,111.40724424865394,328.12775330396477,37,9,5.667781176096614
Image_6,397,137.07407407407408,328.47777777777776,270,18.5411616971131,137.07263513513513,328.4780405405405,37,10,0.003237197277390211
Image_6,395,161.16528925619835,327.7685950413223,242,17.55346033766304,161.29024081115335,327.75348542458806,37,12,0.03939116416465425
Image_6,395,161.16528925619835,327.7685950413223,242,17.55346033766304,161.3161189358372,327.7237871674491,37,13,7.152784896941824
Image_6,452,186.32971014492756,325.82246376811594,276,18.746042631630413,186.39690436705362,325.8220011055832,37,14,0.018885223642668553
Image_6,453,210.3681592039801,324.7562189054726,201,15.99753570059363,210.3609246830723,324.7762863534676,37,16,0.045089389761992144
Image_6,453,210.3681592039801,324.7562189054726,201,15.99753570059363,210.37628384687207,324.73389355742296,37,17,8.365950329703178
Image_6,869,233.68361581920905,325.54802259887003,177,15.012108426804138,233.72747747747746,325.56418918918916,37,18,0.01824715358772994
Image_6,882,256.6135265700483,324.6328502415459,207,16.23454913941803,256.6045662100456,324.6091324200913,37,20,0.026081463875459527
Image_6,517,279.5570469798658,324.06040268456377,149,13.773623058786647,279.61884669479605,324.0056258790436,37,22,0.02692508986957248
Image_6,513,302.53333333333336,324.6666666666667,210,16.351767622932517,302.5114784205693,324.77961432506885,37,24,0.051760050422655884
Image_6,513,302.53333333333336,324.6666666666667,210,16.351767622932517,302.5524222704266,324.8112798264642,37,25,11.365540355359194
Image_6,839,332.9,323.54,250,17.841241161527712,332.890625,323.5230654761904,37,26,0.03612722797955529
Image_6,839,332.9,323.54,250,17.841241161527712,332.9076086956522,323.5549516908212,37,27,7.232798628212592
Image_6,860,359.18025751072963,323.75536480686696,233,17.22396045987371,359.1396287328491,323.7570621468926,37,28,0.006874923935347581
Image_6,569,384.3965517241379,324.42241379310343,116,12.153015559492998,384.68983268983266,324.45688545688546,37,30,0.028255467696366023
Image_6,632,409.9620253164557,323.37974683544303,158,14.183506197980655,409.6088527551942,323.39656729900634,37,32,0.018412170779422556
Image_6,631,436.7967479674797,323.1544715447154,123,12.514330345744634,436.8238095238095,323.0607142857143,37,34,0.06218351140265781
Image_6,631,436.7967479674797,323.1544715447154,123,12.514330345744634,436.88562091503263,323.05392156862746,37,35,6.764664240738192
Image_6,630,456.9217391304348,322.0608695652174,115,12.100518486599809,456.63518518518515,322.2814814814815,37,36,0.06974901715459385
Image_6,630,456.9217391304348,322.0608695652174,115,12.100518486599809,456.69179894179894,322.2407407407407,37,37,10.213816902256077
Image_6,696,480.78403755868544,321.90610328638496,213,16.46815177937675,480.9032258064516,321.9005376344086,37,38,0.013611390193558675
Image_6,702,503.7547169811321,320.83962264150944,106,11.617374563210364,503.3885480572597,320.6850715746421,37,40,0.11940458479582229
Image_6,702,503.7547169811321,320.83962264150944,106,11.617374563210364,503.50786838340485,320.68955650929894,37,41,10.049351950296952
Image_6,698,525.4961832061068,319.51908396946567,131,12.914889870235298,525.5238095238095,319.4761904761905,37,42,0.0009418671744085658
Image_6,230,548.0769230769231,317.0,130,12.865501965161371,547.8732394366198,316.93114241001564,37,44,0.10216605467057997
Image_6,230,548.0769230769231,317.0,130,12.865501965161371,547.9037800687286,317.028636884307,37,45,7.613529282137307
Image_6,225,570.5857142857143,319.1809523809524,210,16.351767622932517,570.4159420289855,319.1673913043478,37,46,0.023312779325139296
Image_6,226,591.5057471264367,318.98275862068965,174,14.884343478431232,591.560606060606,319.034965034965,37,48,0.050584384149880354
Image_6,227,610.75,316.140625,192,15.635280380893438,610.7830845771143,316.18606965174126,37,50,0.05252555476605581
Image_6,227,610.75,316.140625,192,15.635280380893438,610.7863247863247,316.1336441336441,37,51,7.3281294008839275
Image_6,221,633.6319018404907,316.4539877300613,163,14.406180819073164,633.1115434500648,316.4941634241245,37,52,0.10323854516556659
Image_6,221,633.6319018404907,316.4539877300613,163,14.406180819073164,633.2147716229349,316.4956268221574,37,53,
Image_7,24,5.203488372093023,190.54651162790697,172,14.798554040663838,5.567049808429118,190.367816091954,58,0,0.08045596991527988
Image_7,24,5.203488372093023,190.54651162790697,172,14.798554040663838,5.62051282051282,190.30769230769232,58,1,7.666391623462914
Image_7,23,28.357843137254903,187.8823529411765,204,16.11647812414279,28.158594491927822,187.89933523266853,58,2,0.0231858884042355
Image_7,284,58.15925925925926,186.32592592592596,270,18.5411616971131,58.060402684563755,186.34228187919464,58,4,0.009184804264023887
Image_7,283,90.86852589641434,183.796812749004,251,17.876888032555495,90.86774386594853,183.79413524835428,58,6,0.0053642750480234185
Image_7,361,118.08256880733946,183.11926605504587,218,16.66031874701878,118.25770308123249,183.05742296918766,58,8,0.053380850623472344
Image_7,361,118.08256880733946,183.11926605504587,218,16.66031874701878,118.28900709219857,183.01418439716312,58,9,8.633619771789125
Image_7,366,143.9476439790576,181.8167539267016,191,15.594510349620345,143.8944050433412,181.81166272655634,58,10,0.010140464279978495
Image_7,799,172.37109375,179.71875,256,18.0540666735282,172.55357142857142,179.6470238095238,58,12,0.03453031630007537
Image_7,424,203.5158371040724,176.3846153846154,221,16.774562271083887,203.50275482093662,176.48347107438016,58,14,0.03198017864990388
Image_7,416,232.97560975609755,172.97560975609755,246,17.697935698969246,232.99210110584517,172.83728278041073,58,16,0.04006443915527352
Image_7,483,258.6887755102041,170.92857142857142,196,15.797308339337176,258.76828329484215,170.93456505003846,58,18,0.035150971469843646
Image_7,485,282.86425339366514,169.0316742081448,221,16.774562271083887,282.9677980852915,169.04351610095736,58,20,0.03619948385665647
Image_7,485,282.86425339366514,169.0316742081448,221,16.774562271083887,283.0013745704467,169.0570446735395,58,21,8.637313474678649
Image_7,484,311.5981308411215,166.2289719626168,214,16.50676414605009,311.49046321525884,166.14713896457766,58,22,0.04134298283898763
Image_7,484,311.5981308411215,166.2289719626168,214,16.50676414605009,311.5010752688172,166.18709677419355,58,23,7.728215419813953
Image_7,554,338.3821989528796,164.09424083769633,191,15.594510349620345,338.1451942740286,164.0685071574642,58,24,0.06529001006968774
Image_7,554,338.3821989528796,164.09424083769633,191,15.594510349620345,338.2022116903633,164.10031595576618,58,25,6.267206071334787
Image_7,555,362.8871794871795,159.15897435897435,195,15.7569575497098,362.9627906976744,159.0658914728682,58,26,0.11931652062646465
Image_7,555,362.8871794871795,159.15897435897435,195,15.7569575497098,363.0,158.95252525252525,58,27,7.707396657197695
Image_7,57,384.5971223021583,155.4388489208633,139,13.303394180365686,384.4212962962963,155.4398148148148,58,28,0.017352288111486747
Image_7,616,403.3240223463688,155.46927374301677,179,15.09668435477122,403.29193205944796,155.46496815286625,58,30,0.06095688483551223
Image_7,616,403.3240223463688,155.46927374301677,179,15.09668435477122,403.3524046434494,155.4726368159204,58,31,6.120189232252031
Image_7,62,423.396449704142,154.95857988165682,169,14.668929172241665,423.4645390070922,154.90336879432624,58,32,0.11330756087822005
Image_7,62,423.396449704142,154.95857988165682,169,14.668929172241665,423.5578703703703,154.83912037037035,58,33,6.5521712331470425
Image_7,615,446.125,153.45982142857142,224,16.88803298257901,446.07606837606835,153.6017094017094,58,34,0.015459150455436266
Image_7,769,473.0042016806723,151.62605042016807,238,17.407785949022028,473.1679438058748,151.59195402298852,58,36,0.015542327085514231
Image_7,67,499.2717948717949,149.76410256410256,195,15.7569575497098,499.262996941896,149.77293577981652,58,38,0.026935891128351173
Image_7,683,521.1370558375635,146.37055837563452,197,15.837556323903858,521.1337153772683,146.37344794651383,58,40,0.008999487702792183
Image_7,770,544.2631578947369,145.5023923444976,209,16.312788383647018,544.2541042112776,145.52748037116345,58,42,0.05653523576208256
Image_7,197,566.3032786885246,142.2622950819672,122,12.463355264843006,566.1105169340462,142.37789661319073,58,44,0.03754723007550396
Image_7,188,586.3837209302326,139.81976744186048,172,14.798554040663838,586.1780045351474,139.90362811791383,58,46,0.06933139509187636
Image_7,192,609.7256097560976,135.98170731707316,164,14.450303987687134,609.6109134045076,136.0379596678529,58,48,0.07518765859483661
Image_7,194,631.9147286821706,134.57364341085272,129,12.815923738491737,632.1188811188811,134.6107226107226,58,50,0.047885468469684174
Image_7,194,631.9147286821706,134.57364341085272,129,12.815923738491737,632.1619047619048,134.63174603174602,58,51,
Image_8,117,5.305699481865285,587.2331606217616,193,15.67594437773643,5.766666666666667,587.185,4,0,0.12576194369517252
Image_8,117,5.305699481865285,587.2331606217616,193,15.67594437773643,5.8771929824561395,587.125,4,1,5.779705221470795
Image_8,121,27.65254237288136,586.4194915254237,236,17.334489682638438,27.6455938697318,586.4233716475096,4,2,0.017802805071333395
Image_8,121,27.65254237288136,586.4194915254237,236,17.334489682638438,27.661137440758292,586.414691943128,4,3,7.1996270191106575
Image_8,126,55.90543735224586,586.6572104018912,423,23.207333483685147,55.85960378983634,586.6705426356589,4,4,0.03680270915783261
Image_8,120,86.56338028169014,586.1056338028169,284,19.015783725757565,86.39956568946796,586.085776330076,4,6,0.029190566819455924
Image_8,43,112.96648044692738,583.4860335195531,179,15.09668435477122,112.95833333333333,583.4391025641025,4,8,0.009374328816666392
Image_8,135,134.23699421965318,582.543352601156,173,14.841510746523856,134.19158361018825,582.5337763012182,4,10,0.023540850462541698
Image_8,135,134.23699421965318,582.543352601156,173,14.841510746523856,134.19293712316968,582.557278208441,4,11,7.293932021597257
Image_8,132,156.49473684210523,581.6368421052632,190,15.553633450087505,156.47110055423593,581.7189231987331,4,12,0.02841008573277689
Image_8,145,182.93636363636364,580.6272727272727,220,16.73656774376801,182.93333333333334,580.6333333333333,4,14,0.01216907742859294
Image_8,148,210.55140186915887,579.5046728971963,214,16.50676414605009,210.52961980548184,579.5296198054818,4,16,0.03357207106050399
Image_8,148,210.55140186915887,579.5046728971963,214,16.50676414605009,210.55719298245612,579.5487719298245,4,17,7.66195539156195
Image_8,151,235.19553072625695,578.754189944134,179,15.09668435477122,235.20043572984747,578.5882352941177,4,18,0.021230877325127982
Image_8,164,261.0995024875622,577.8308457711443,201,15.99753570059363,261.09150326797385,577.8328664799252,4,20,0.015754737748753002
Image_8,166,283.875,576.7697368421053,152,13.911592676604096,283.73306772908364,576.5962815405046,4,22,0.0519761911569377
Image_8,166,283.875,576.7697368421053,152,13.911592676604096,283.78115501519756,576.6160081053698,4,23,4.859869455266232
Image_8,59,301.73376623376623,575.961038961039,154,14.002817212590296,301.62991128010134,575.9860583016476,4,24,0.03770084209077689
Image_8,818,323.31779661016947,576.1906779661017,236,17.334489682638438,323.4174820613176,576.1265492498369,4,26,0.02526701601314918
Image_8,62,345.5672268907564,576.7647058823529,238,17.407785949022028,345.6801541425819,576.742453436095,4,28,0.038631497502860414
Image_8,173,368.1592920353982,575.2168141592921,226,16.96325844612841,368.1914460285132,575.0339443312965,4,30,0.05703616441332661
Image_8,176,391.575,572.2375,240,17.480774889473267,391.53381066030227,572.368337311058,4,32,0.030644779900465567
Image_8,176,391.575,572.2375,240,17.480774889473267,391.5617402431222,572.3557261676264,4,33,6.717821363518041
Image_8,184,412.8993288590604,568.006711409396,149,13.773623058786647,412.8688688688688,568.1521521521521,4,34,0.017049365941862415
Image_8,191,430.5392156862745,568.6862745098039,204,16.11647812414279,430.40509915014167,568.6912181303117,4,36,0.05741167184789467
Image_8,183,449.493670886076,565.9810126582279,158,14.183506197980655,449.48946716232956,565.8822800495662,4,38,0.03177095906448806
Image_8,192,465.87412587412587,565.6223776223776,143,13.49345229721172,465.8536231884058,565.3623188405796,4,40,0.015361894861990258
Image_8,201,483.0192307692308,567.0961538461538,208,16.273715780512877,483.2325895875591,566.3779580797836,4,42,0.0070608056799894075
Image_8,195,502.3780487804878,563.6869918699186,246,17.697935698969246,502.2669753086419,563.7654320987654,4,44,0.037991975503928056
Image_8,195,502.3780487804878,563.6869918699186,246,17.697935698969246,502.28606965174123,563.7325870646765,4,45,6.265898440598104
Image_8,196,524.3026819923372,561.4674329501916,261,18.229523339239496,524.4344503233392,561.4479717813051,4,46,0.03775542685124613
Image_8,196,524.3026819923372,561.4674329501916,261,18.229523339239496,524.462762111352,561.4229934924078,4,47,5.002741876019833
Image_8,94,547.4803625377643,560.7824773413897,331,20.529059630371258,547.4584031267448,560.8514796203239,4,48,0.019410309888867022
Image_8,94,547.4803625377643,560.7824773413897,331,20.529059630371258,547.4765878535002,560.8446917014371,4,49,6.7899485642443125
Image_8,96,573.9549295774648,557.0985915492957,355,21.260292528114064,573.9899782135076,557.0052287581699,4,50,0.037670938846021663
Image_8,99,599.4502369668246,551.2985781990521,211,16.39065416446578,599.4756756756757,551.2144144144144,4,52,0.02081854584416892
Image_8,97,621.9641577060931,549.4372759856631,279,18.84764794294265,621.9387868670005,549.3606010016695,4,54,0.03773714533102228
Image_8,97,621.9641577060931,549.4372759856631,279,18.84764794294265,621.9597818677573,549.3292433537832,4,55,
Image_9,368,5.9375,352.90972222222223,144,13.540550005146152,5.95945945945946,352.963963963964,28,0,0.00988049977182145
Image_9,369,22.976047904191617,352.8682634730539,167,14.581872443920645,23.047619047619044,352.86875725900114,28,2,0.028364379848729547
Image_9,369,22.976047904191617,352.8682634730539,167,14.581872443920645,23.07149240393208,352.8534405719392,28,3,5.713727209146615
Image_9,363,40.925714285714285,353.7942857142857,175,14.927053303604616,40.76975945017182,353.59335624284074,28,4,0.044590979649164836
Image_9,365,58.85806451612903,351.85806451612905,155,14.048207338801282,58.89371980676328,351.85314009661835,28,6,0.016694663226356807
Image_9,361,77.97894736842105,352.19473684210527,190,15.553633450087505,77.9939393939394,352.07878787878786,28,8,0.01663592320308033
Image_9,366,99.5075376884422,352.1206030150754,199,15.91774699517169,99.58529411764705,352.1264705882353,28,10,0.03156516626869821
Image_9,438,122.68145161290325,351.61290322580646,248,17.769732893161912,122.65757575757574,351.69242424242424,28,12,0.03724091334108018
Image_9,440,144.94594594594594,352.22162162162164,185,15.347615963921076,144.98267326732673,352.226897689769,28,14,0.02525683181039835
Image_9,440,144.94594594594594,352.22162162162164,185,15.347615963921076,144.98417721518987,352.2521097046413,28,15,6.82538286198864
Image_9,444,164.75974025974023,350.7922077922078,154,14.002817212590296,164.75549188156637,350.7889207258835,28,16,0.012737190107660824
Image_9,57,183.58783783783784,348.52702702702703,148,13.727325035155395,183.76008492569002,348.4140127388535,28,18,0.031583762974956166
Image_9,510,203.39837398373984,348.9674796747967,123,12.514330345744634,203.24183006535947,348.9950980392157,28,20,0.031683863485318375
Image_9,510,203.39837398373984,348.9674796747967,123,12.514330345744634,203.27294685990336,348.9891304347826,28,21,7.201117416234933
Image_9,64,222.4957264957265,346.53846153846155,117,12.205286835384658,222.31944444444443,346.5572916666667,28,22,0.013925607168416707
Image_9,64,222.4957264957265,346.53846153846155,117,12.205286835384658,222.33080808080805,346.54924242424244,28,23,5.782071692308175
Image_9,508,239.9763779527559,347.93700787401576,127,12.716187407449045,240.05946791862283,347.9264475743349,28,24,0.03495831295801465
Image_9,577,259.97350993377484,349.1920529801325,151,13.86575534383214,259.9419862340216,349.25368731563424,28,26,0.08079032634335433
Image_9,577,259.97350993377484,349.1920529801325,151,13.86575534383214,259.9662775616083,349.3307392996109,28,27,6.535700186873367
Image_9,578,280.2654028436019,347.1611374407583,211,16.39065416446578,280.38873751135327,347.17711171662125,28,28,0.05291760751988585
Image_9,578,280.2654028436019,347.1611374407583,211,16.39065416446578,280.4201012292118,347.1344902386117,28,29,3.6083312916842942
Image_9,654,328.86138613861385,345.9257425742574,202,16.03728119216293,328.8394216133942,345.92922374429224,28,32,0.04039019174122326
Image_9,654,328.86138613861385,345.9257425742574,202,16.03728119216293,328.8776493256262,345.9161849710983,28,33,5.411976245685299
Image_9,651,350.4065420560748,344.74766355140184,214,16.50676414605009,350.2618409294012,344.82573726541557,28,34,0.06557119468091786
Image_9,652,372.1333333333333,345.15,240,17.480774889473267,372.10471622701834,345.1654676258993,28,36,0.052279097125986086
Image_9,648,391.7887323943662,343.0892018779343,213,16.46815177937675,391.75953923686103,343.26637868970477,28,38,0.005420421504877224
Image_9,714,410.4586776859504,343.9834710743802,242,17.55346033766304,409.9652532391048,343.5971731448763,28,40,0.10720707408919809
Image_9,714,410.4586776859504,343.9834710743802,242,17.55346033766304,410.0662299854439,343.63318777292574,28,41,3.8098845795357583
Image_9,715,427.3248407643312,339.171974522293,157,14.13855043925722,427.30524344569284,339.16011235955057,28,42,0.0508090619743739
Image_9,712,446.7464788732394,337.0492957746479,142,13.446189622059965,446.89312169312166,336.99576719576714,28,44,0.04837695597046727
Image_9,710,466.1593406593407,335.9065934065934,182,15.222667215103916,465.9671052631579,336.08223684210526,28,46,0.015264402457341416
Image_9,778,487.3377777777778,336.2888888888889,225,16.925687506432688,487.3353373413493,336.30861723446895,28,48,0.04204182150055863
Image_9,779,513.2762762762762,337.6006006006006,333,20.590987552733093,513.1638888888889,337.58388888888885,28,50,0.037655257021295976
Image_9,782,537.7421052631579,333.67894736842106,190,15.553633450087505,537.8211189913317,333.68479117415285,28,52,0.010392286302237092
Image_9,268,559.8225108225108,334.23809523809524,231,17.14987856615383,560.0040322580645,334.08870967741933,28,54,0.012342497617453221
Image_9,272,583.4627659574468,334.4414893617021,188,15.471555655790098,583.4640522875817,334.44008714596947,28,56,0.043208525874988184
Image_9,273,605.8477157360406,333.7258883248731,197,15.837556323903858,606.0088235294118,333.73725490196074,28,58,0.013767036467487951
Image_9,265,631.1225296442688,333.6324110671937,253,17.94796937867892,630.7658730158729,333.72301587301587,28,60,0.0819106434308356
