Tile_ID,File_ID,Centroid_X,Centroid_Y
Image_17,0,605.6175637393768,264.1345609065156
Image_17,0,574.4520547945206,256.94520547945206
Image_17,0,610.409594095941,265.090405904059
Image_17,0,558.4615384615385,253.65483234714003
Image_17,0,532.6381766381767,246.63247863247864
Image_17,0,508.3776223776224,244.06993006993008
Image_17,0,508.3776223776224,244.06993006993008
Image_17,0,492.20943952802355,239.22713864306783
Image_17,0,475.6893424036281,235.17006802721087
Image_17,0,457.1994177583697,230.97671033478892
Image_17,0,439.323283082077,226.7973199329983
Image_17,0,419.2621951219512,223.3780487804878
Image_17,0,398.8661417322834,218.28346456692915
Image_17,0,380.85,213.675
Image_17,0,363.5670731707317,208.8719512195122
Image_17,0,335.0833333333333,202.47222222222223
Image_17,0,320.0716049382716,198.55555555555554
Image_17,0,306.19117647058823,195.58823529411765
Image_17,0,289.9833333333333,194.05
Image_17,1,369.6051136363636,87.13068181818181
Image_17,1,336.6949685534591,77.5880503144654
Image_17,1,377.558904109589,89.12602739726027
Image_17,1,396.944,95.264
Image_17,1,377.558904109589,89.12602739726027
Image_17,1,357.2652329749104,83.2831541218638
Image_17,1,357.2652329749104,83.2831541218638
Image_17,1,377.13178294573646,89.24289405684755
Image_17,1,336.6949685534591,77.5880503144654
Image_17,1,357.23591549295776,83.19014084507042
Image_17,1,317.99595141700405,72.38461538461539
Image_17,1,318.1620553359684,72.34387351778656
Image_17,1,317.99595141700405,72.38461538461539
Image_17,1,301.7593152064451,67.59214501510574
Image_17,1,285.0199004975124,65.46766169154229
Image_17,1,318.8625,64.13208333333333
Image_17,1,267.91379310344826,61.317241379310346
Image_17,1,267.98293515358364,61.37542662116041
Image_17,1,267.98293515358364,61.37542662116041
Image_17,1,247.34594594594597,56.394594594594594
Image_17,1,216.2512077294686,49.41062801932368
Image_17,1,229.7136929460581,52.67219917012448
Image_17,1,202.008547008547,45.50854700854701
Image_17,1,201.88844621513945,45.42629482071713
Image_17,1,201.978354978355,45.41558441558441
Image_17,1,201.88844621513945,45.42629482071713
Image_17,1,169.41379310344828,35.72030651340996
Image_17,1,169.41379310344828,35.72030651340996
Image_17,1,185.97727272727272,40.493506493506494
Image_17,1,185.97727272727272,40.493506493506494
Image_17,1,185.97727272727272,40.493506493506494
Image_17,1,152.90070921985816,30.9468085106383
Image_17,1,152.90747330960855,30.91103202846975
Image_17,1,152.90747330960855,30.91103202846975
Image_17,1,135.55516014234877,24.437722419928825
Image_17,1,135.55516014234877,24.437722419928825
Image_17,1,135.46428571428572,24.446428571428573
Image_17,1,117.32846715328468,18.536496350364963
Image_17,1,117.32014388489208,18.68345323741007
Image_17,1,117.32846715328468,18.536496350364963
Image_17,1,97.35309278350516,12.595360824742269
Image_17,1,86.51267281105991,9.425307219662058
Image_17,1,97.30490956072352,12.516795865633076
Image_17,1,90.4247159090909,10.977272727272728
Image_17,1,97.30490956072352,12.516795865633076
Image_17,1,351.530701754386,61.4780701754386
Image_17,1,351.530701754386,61.4780701754386
Image_17,1,384.9795081967213,70.95491803278688
Image_17,1,367.7284482758621,65.28017241379311
Image_17,1,384.979674796748,70.95528455284553
Image_17,1,335.9044652128764,57.838006230529594
Image_17,1,384.9795081967213,70.95491803278688
Image_17,1,319.96078431372547,54.01960784313726
Image_17,1,320.00485436893206,53.95631067961165
Image_17,1,367.7284482758621,65.28017241379311
Image_17,1,376.4648088603072,68.24723115398356
Image_17,1,401.0631578947368,75.91578947368421
Image_17,1,428.6802721088436,82.62585034013605
Image_17,1,415.57566137566135,79.0010582010582
Image_17,1,444.94594594594594,87.06306306306307
Image_17,1,443.96762589928056,86.66187050359713
Image_17,1,464.2920792079208,92.04950495049503
Image_17,1,464.3807339449541,91.96788990825688
Image_17,1,480.4834437086093,95.18763796909491
Image_17,1,492.7118927973199,97.8358458961474
Image_17,1,505.0402298850575,101.01149425287356
Image_17,1,518.8191489361702,104.15957446808513
Image_17,1,532.3234126984127,108.99603174603173
Image_17,1,546.7093495934959,112.04166666666666
Image_17,1,559.8438003220612,114.35426731078904
Image_17,1,571.4452466907339,117.34536702767748
Image_17,1,602.3379790940767,124.29965156794424
Image_17,1,585.228431372549,120.99901960784312
Image_17,1,602.3379790940767,124.29965156794424
Image_17,1,602.3135313531353,124.31353135313532
Image_17,1,620.0560344827586,129.1594827586207
Image_17,1,634.8402366863905,133.396449704142
Image_17,1,620.0560344827586,129.1594827586207
Image_17,1,634.8058823529411,133.40588235294118
Image_17,1,291.07327141382865,47.74819401444788
Image_17,1,306.013431013431,50.52625152625152
Image_17,1,275.0108108108108,43.372972972972974
Image_17,1,261.2025316455696,39.81153305203937
Image_17,1,249.79679144385025,36.92869875222816
Image_17,1,223.7125748502994,30.53293413173653
Image_17,1,237.38011695906437,33.74269005847953
Image_17,1,210.26302083333331,28.524739583333332
Image_17,1,184.01863354037263,20.39130434782609
Image_17,1,198.030303030303,23.146666666666665
Image_17,1,184.01863354037263,20.39130434782609
Image_17,1,154.98907103825135,11.9672131147541
Image_17,1,169.51380042462844,15.961783439490446
Image_17,1,139.44242424242424,6.4363636363636365
Image_17,1,139.44848484848484,6.5212121212121215
Image_17,1,110.82692307692308,1.8653846153846156
Image_17,1,124.91463414634147,3.6605691056910565
Image_17,1,412.8152610441767,99.41767068273091
Image_17,1,428.13235294117646,103.6875
Image_17,1,412.2299270072993,99.48905109489051
Image_17,1,427.969111969112,103.61776061776062
Image_17,1,412.8152610441767,99.41767068273091
Image_17,1,442.0,107.54040404040404
Image_17,1,456.6313868613138,110.78102189781022
Image_17,1,474.0128205128205,116.7051282051282
Image_17,1,456.6313868613138,110.78102189781022
Image_17,1,472.8960573476703,113.35125448028674
Image_17,1,456.6313868613138,110.78102189781022
Image_17,1,472.8960573476703,113.35125448028674
Image_17,1,472.9230769230769,113.51648351648352
Image_17,1,490.9323076923077,117.60307692307693
Image_17,1,490.9294478527608,117.63803680981596
Image_17,1,490.9294478527608,117.63803680981596
Image_17,1,509.90252707581226,123.03610108303248
Image_17,1,509.9710144927536,123.09057971014492
Image_17,1,519.1672862453531,125.17843866171005
Image_17,1,509.90252707581226,123.03610108303248
Image_17,1,543.1832460732984,130.54450261780104
Image_17,1,526.1807228915662,127.0281124497992
Image_17,1,526.2489626556016,127.16597510373444
Image_17,1,558.0552268244576,133.86686390532543
Image_17,1,573.0355731225296,138.4505928853755
Image_17,1,573.0355731225296,138.4505928853755
Image_17,1,592.1647058823529,143.7264705882353
Image_17,1,592.1647058823529,143.7264705882353
Image_17,1,592.0872093023256,143.6453488372093
Image_17,1,618.679794520548,149.8544520547945
Image_17,1,610.9227642276422,147.85772357723576
Image_17,1,628.5076923076923,151.1179487179487
Image_17,1,628.4,151.05128205128204
Image_17,1,628.5076923076923,151.1179487179487
Image_17,1,589.2402234636871,151.52700186219738
Image_17,1,589.0600375234521,151.6904315196998
Image_17,1,589.0600375234521,151.6904315196998
Image_17,1,620.9883412824589,158.67991520932696
Image_17,2,355.350439882698,13.79325513196481
Image_17,2,376.96875,18.30078125
Image_17,2,380.73511904761904,19.473214285714285
Image_17,2,381.1510574018127,19.604229607250755
Image_17,2,380.73511904761904,19.473214285714285
Image_17,2,381.9579831932773,19.92436974789916
Image_17,2,376.96875,18.30078125
Image_17,2,381.1510574018127,19.604229607250755
Image_17,2,358.1124172409134,16.79867585461424
Image_17,2,414.4669811320755,17.24056603773585
Image_17,2,385.7515527950311,7.608695652173913
Image_17,2,436.16627996906414,16.84167495304386
Image_17,2,430.25,21.72159090909091
Image_17,2,385.6134969325153,7.791411042944786
Image_17,2,430.4817927170868,21.680672268907564
Image_17,2,430.25,21.72159090909091
Image_17,2,400.01376146788994,11.743119266055048
Image_17,2,369.6390532544379,5.313609467455621
Image_17,2,351.54744525547443,3.6350364963503647
Image_17,2,450.2782874617737,25.162079510703364
Image_17,2,449.8150684931507,25.565068493150687
Image_17,2,449.8150684931507,25.565068493150687
Image_17,2,468.8693181818182,33.791666666666664
Image_17,3,615.4941002949853,546.7345132743363
Image_17,3,634.4613778705636,550.1482254697286
Image_17,3,634.6536312849162,547.5111731843575
Image_17,3,634.6520547945205,548.0109589041095
Image_17,3,590.1804835924007,544.2625215889464
Image_17,3,574.8154761904761,540.1904761904761
Image_17,3,558.8527607361963,535.6748466257669
Image_17,3,615.5304606240713,547.07132243685
Image_17,3,574.6686390532544,540.2130177514792
Image_17,3,540.6312364425163,528.3752711496746
Image_17,3,535.4097222222222,527.1766304347826
Image_17,3,525.5114155251141,528.9634703196347
Image_17,3,506.27969348659,524.4865900383141
Image_17,3,506.2072727272727,524.0654545454546
Image_17,3,486.015444015444,519.5173745173745
Image_17,3,540.0952380952381,521.7301587301587
Image_17,3,571.1150971599402,524.4065769805679
Image_17,3,555.7027027027027,520.722972972973
Image_17,3,521.7142857142857,513.422619047619
Image_17,3,504.5168918918919,508.6801801801801
Image_17,3,485.19096045197733,503.67683615819203
Image_17,3,456.52302025782683,497.5285451197053
Image_17,3,469.656462585034,501.17176870748295
Image_17,3,440.25030978934325,493.93928128872363
Image_17,3,408.96774193548384,486.95878136200713
Image_17,3,422.53777777777776,489.92
Image_17,3,396.5180375180375,483.74170274170274
Image_17,3,374.5865633074935,480.0335917312661
Image_17,3,382.1444444444445,481.06111111111113
Image_17,3,375.62462462462463,479.990990990991
Image_17,3,352.7283406754772,475.9016152716593
Image_17,3,325.23623188405793,468.03768115942023
Image_17,3,339.7837837837838,471.7702702702703
Image_17,3,307.57943925233644,462.4906542056075
Image_17,3,307.57943925233644,462.4906542056075
Image_17,3,273.97013487475914,455.5732177263969
Image_17,3,290.2701421800948,460.85781990521326
Image_17,3,257.30348258706465,452.2338308457712
Image_17,3,257.4526315789474,452.0105263157895
Image_17,3,242.88753387533873,448.4593495934959
Image_17,3,229.56938483547924,445.3190271816881
Image_17,3,200.68260869565216,439.1304347826087
Image_17,3,200.68260869565216,439.1304347826087
Image_17,3,378.8899533284205,489.2608695652174
Image_17,3,347.8187134502924,490.2690058479532
Image_17,3,332.8294930875576,486.5990783410138
Image_17,3,361.5922865013774,493.27410468319556
Image_17,3,389.2648648648649,499.2702702702703
Image_17,3,406.15750915750914,502.54945054945057
Image_17,3,406.1788321167883,502.521897810219
Image_17,3,412.8712871287129,504.1940594059406
Image_17,3,413.9006968641115,504.3658536585366
Image_17,3,423.8448275862069,505.6939655172414
Image_17,3,586.763085399449,526.8801652892562
Image_17,3,602.2258064516129,530.6290322580645
Image_17,3,602.2258064516129,530.6290322580645
Image_17,3,467.6869565217392,515.9391304347826
Image_17,3,461.7940379403794,514.4661246612466
Image_17,4,464.96610169491527,79.13097072419106
Image_17,4,457.50568440200084,75.92826284674852
Image_17,4,464.9564541213064,78.93623639191291
Image_17,4,486.377990430622,76.60287081339713
Image_17,4,516.6983240223464,84.52513966480447
Image_17,4,502.4575645756457,81.30996309963099
Image_17,4,502.44444444444446,81.3962962962963
Image_17,4,530.7625830959164,86.5099715099715
Image_17,4,560.5993377483444,94.59602649006622
Image_17,4,560.6754966887418,94.5794701986755
Image_17,4,560.6754966887418,94.5794701986755
Image_17,4,543.9392212725546,90.7094017094017
Image_17,4,506.95939234589537,87.63102541630148
Image_17,4,569.6226703330277,96.08982584784601
Image_17,4,578.7128027681661,97.27681660899654
Image_17,4,578.7128027681661,97.27681660899654
Image_17,4,594.3839662447257,101.80168776371308
Image_17,4,594.3402489626556,101.79253112033194
Image_17,4,578.6559139784946,97.9820788530466
Image_17,4,578.7272727272727,97.92
Image_17,4,608.9558011049724,106.0828729281768
Image_17,4,633.687898089172,112.31847133757962
Image_17,4,627.8437862950058,110.93670150987224
Image_17,5,440.5147744945568,476.8164852255055
Image_17,5,427.33640552995394,473.7649769585253
Image_17,5,435.74862385321103,475.6844036697248
Image_17,5,458.0270562770562,480.13528138528136
Image_17,5,410.6160458452722,470.8309455587392
Image_17,5,409.68913857677904,469.7902621722847
Image_17,5,409.6319702602231,469.81040892193306
Image_17,5,435.74862385321103,475.6844036697248
Image_17,5,388.86435331230285,465.0031545741325
Image_17,5,388.86435331230285,465.0031545741325
Image_17,5,388.8213166144201,465.050156739812
Image_17,5,369.6905829596412,461.5112107623318
Image_17,5,348.35090439276485,456.5875968992248
Image_17,5,328.3875968992248,452.19269102990035
Image_17,5,316.3504016064257,447.47489959839356
Image_17,5,287.1767441860465,440.1116279069768
Image_17,5,302.2122448979592,442.8
Image_17,5,286.8480392156863,440.1421568627451
Image_17,5,253.06015037593983,432.3571428571428
Image_17,5,270.9556451612903,437.2983870967742
Image_17,5,271.0992063492063,437.2063492063492
Image_17,5,271.0378151260504,437.172268907563
Image_17,5,271.0378151260504,437.172268907563
Image_17,5,253.06015037593983,432.3571428571428
Image_17,5,253.34944237918216,432.3382899628253
Image_17,5,252.7446043165468,432.2805755395684
Image_17,5,235.6138211382114,429.0
Image_17,5,235.6138211382114,429.0
Image_17,5,235.2958333333333,428.9875
Image_17,5,235.2958333333333,428.9875
Image_17,5,215.85669781931463,424.2180685358255
Image_17,5,216.0065146579805,424.0195439739414
Image_17,5,215.85669781931463,424.2180685358255
Image_17,5,196.19875776397515,419.6149068322981
Image_17,5,196.19875776397515,419.6149068322981
Image_17,5,196.2745098039216,419.12745098039215
Image_17,5,479.1239669421488,485.8842975206612
Image_17,5,486.0083682008368,486.7029288702929
Image_17,5,502.3125,491.14166666666665
Image_17,5,520.4059040590406,494.6752767527675
Image_17,5,520.3589743589744,494.7326007326008
Image_17,5,526.1672490100162,500.95550896808754
Image_17,5,521.2219020172911,496.2536023054755
Image_17,5,537.3883495145631,499.4514563106796
Image_17,5,553.9066147859922,503.16731517509726
Image_17,5,553.8102766798419,503.0711462450593
Image_17,5,554.1397058823529,503.0808823529412
Image_17,5,537.3238095238095,499.2142857142857
Image_17,5,553.9066147859922,503.16731517509726
Image_17,5,574.4367469879518,507.5060240963856
Image_17,5,574.3862275449102,507.5239520958084
Image_17,5,574.4367469879518,507.5060240963856
Image_17,5,593.5471698113207,512.5245283018868
Image_17,5,593.5471698113207,512.5245283018868
Image_17,5,599.1161967938087,505.6336097291321
Image_17,5,593.5925925925926,512.5
Image_17,5,611.3286384976526,513.5399061032864
Image_17,5,628.9452736318408,520.5273631840796
Image_17,6,119.63349131121645,351.4281200631912
Image_17,6,88.05072463768116,353.59420289855075
Image_17,6,108.97744825455668,351.871640407785
Image_17,6,87.61386138613861,351.1188118811881
Image_17,6,101.87833827893176,353.2581602373887
Image_17,6,101.47133757961784,353.35668789808915
Image_17,6,101.87833827893176,353.2581602373887
Image_17,6,137.96153846153845,360.8186813186813
Image_17,6,156.8945454545455,368.4581818181818
Image_17,6,157.09469696969697,368.4431818181818
Image_17,6,156.8945454545455,368.4581818181818
Image_17,6,137.78666666666666,365.85777777777776
Image_17,6,175.3470588235294,371.61470588235295
Image_17,6,175.57509157509156,371.2380952380952
Image_17,6,177.04694835680752,371.8262910798122
Image_17,6,192.13584905660375,374.811320754717
Image_17,6,192.15530303030303,374.6666666666667
Image_17,6,208.40213523131672,378.0391459074733
Image_17,6,208.40501792114696,378.1182795698925
Image_17,6,208.6825938566553,378.3515358361775
Image_17,6,208.40501792114696,378.1182795698925
Image_17,6,225.4931129476584,381.57300275482095
Image_17,6,226.41281138790035,381.0391459074733
Image_17,6,174.59222333000997,379.9614489863742
Image_17,6,241.90432098765436,384.33024691358025
Image_17,6,242.0,384.4263322884012
Image_17,6,242.0,384.4263322884012
Image_17,6,226.08843537414967,381.2585034013605
Image_17,6,226.41281138790035,381.0391459074733
Image_17,6,258.5718015665796,386.11227154047
Image_17,6,258.5718015665796,386.11227154047
Image_17,6,257.34490650775143,379.28436325948957
Image_17,6,258.87179487179486,386.6871794871795
Image_17,6,276.5843137254902,391.9607843137255
Image_17,6,276.578313253012,391.9236947791165
Image_17,6,276.578313253012,391.9236947791165
Image_17,6,293.7970479704797,395.7011070110701
Image_17,6,293.76724137931035,396.5689655172414
Image_17,6,327.2543859649123,404.5131578947368
Image_17,6,310.9954128440367,400.848623853211
Image_17,6,319.19424460431657,402.703237410072
Image_17,6,310.9954128440367,400.848623853211
Image_17,6,326.9032258064516,404.6653225806452
Image_17,6,319.19424460431657,402.703237410072
Image_17,6,345.9795221843003,408.60409556314
Image_17,6,345.9795221843003,408.60409556314
Image_17,6,346.0102739726028,408.5993150684931
Image_17,6,366.1285714285714,412.9714285714286
Image_17,6,400.0043103448276,420.2327586206897
Image_17,6,400.08878504672896,420.3411214953271
Image_17,6,400.0043103448276,420.2327586206897
Image_17,6,400.4612068965517,420.3965517241379
Image_17,6,430.2307692307692,427.84615384615387
Image_17,6,430.2307692307692,427.84615384615387
Image_17,6,419.45512820512823,421.3087606837606
Image_17,6,445.0402010050252,430.63819095477385
Image_17,6,474.3738317757009,438.4439252336449
Image_17,6,458.91695501730106,434.6839677047289
Image_17,6,489.1010638297872,441.281914893617
Image_17,6,520.5238095238095,448.34013605442175
Image_17,6,503.2304964539007,444.6985815602837
Image_17,6,535.5621621621622,451.1675675675676
Image_17,6,535.6157894736842,451.0842105263158
Image_17,6,563.8333333333334,456.7037037037037
Image_17,6,557.5668604651163,455.4476744186047
Image_17,6,550.6266666666667,453.8666666666667
Image_17,6,557.5668604651163,455.4476744186047
Image_17,6,550.873417721519,453.9810126582278
Image_17,6,577.9333333333333,459.70666666666665
Image_17,6,577.8322580645162,459.5483870967742
Image_17,6,605.9656652360514,465.78969957081546
Image_17,6,590.6951871657755,462.5401069518717
Image_17,6,586.8586572438163,462.2473498233216
Image_17,6,607.0643086816721,461.19506966773844
Image_17,6,606.2820512820513,465.88461538461536
Image_17,6,585.8892215568862,461.9491017964072
Image_17,6,585.8892215568862,461.9491017964072
Image_17,6,623.6559139784946,472.14695340501794
Image_17,6,278.9734513274336,378.4424778761062
Image_17,6,296.6853002070393,383.2215320910973
Image_17,6,312.4591836734694,387.2244897959184
Image_17,6,344.4538606403013,394.21092278719397
Image_17,6,358.87654320987656,396.4526748971193
Image_17,6,372.3589743589743,400.04895104895104
Image_17,6,385.2352941176471,402.05882352941177
Image_17,7,249.9162717219589,466.9747235387046
Image_17,7,235.21759259259255,462.80555555555554
Image_17,7,282.1472602739726,474.9657534246575
Image_17,7,219.4233128834356,458.2331288343559
Image_17,7,282.5570934256056,474.43252595155707
Image_17,7,250.1549295774648,467.3333333333333
Image_17,7,250.35135135135133,467.4009009009009
Image_17,7,250.36888888888888,467.3066666666667
Image_17,7,250.36888888888888,467.3066666666667
Image_17,7,246.05103748326638,462.7210508701472
Image_17,7,202.14285714285717,454.1071428571428
Image_17,7,184.7430167597765,450.9776536312849
Image_17,7,184.29126213592232,451.8883495145631
Image_17,7,160.58872305140963,448.2454394693201
Image_17,7,136.5182481751825,440.3795620437956
Image_17,7,168.33648081534773,444.04751199040766
Image_17,7,109.38226782425676,429.4714548802946
Image_17,7,75.58974358974359,422.16239316239313
Image_17,7,114.44083969465647,429.5019083969466
Image_17,7,114.44083969465647,429.5019083969466
Image_17,7,147.0203045685279,428.005076142132
Image_17,7,147.0,427.9285714285714
Image_17,7,164.2071197411003,428.042071197411
Image_17,7,164.78,431.29
Image_17,7,44.52948972829688,417.70112657388995
Image_17,7,16.11255411255411,412.3376623376623
Image_17,8,120.44012944983818,584.9304207119741
Image_17,8,127.95486111111111,586.6111111111111
Image_17,8,97.04818325434438,580.6319115323854
Image_17,8,146.35555555555555,591.1288888888889
Image_17,8,146.35555555555555,591.1288888888889
Image_17,8,127.99354838709678,586.5032258064516
Image_17,8,127.95486111111111,586.6111111111111
Image_17,8,111.61988304093568,582.046783625731
Image_17,8,146.36322869955157,591.2017937219731
Image_17,8,111.44134078212292,582.3128491620112
Image_17,8,127.91379310344828,586.7379310344828
Image_17,8,97.94117647058825,577.9358288770053
Image_17,8,126.31536734039139,579.41899262111
Image_17,8,71.4055944055944,570.2727272727273
Image_17,8,84.54716981132076,574.069182389937
Image_17,8,58.83870967741935,567.8346774193549
Image_17,8,58.69191919191919,567.8636363636364
Image_17,8,63.51966292134831,568.75234082397
Image_17,8,41.6,563.1263157894737
Image_17,8,41.62694300518135,563.0310880829015
Image_17,8,27.251497005988025,560.0059880239521
Image_17,8,9.968879668049793,556.0435684647302
Image_17,8,27.206060606060607,559.7757575757576
Image_17,8,10.37832310838446,556.321063394683
Image_17,8,165.2874617737003,595.5626911314985
Image_17,8,165.2776119402985,595.5164179104478
Image_17,8,165.2874617737003,595.5626911314985
Image_17,8,165.2874617737003,595.5626911314985
Image_17,8,185.33203125,599.953125
Image_17,8,185.36220472440945,600.0236220472441
Image_17,8,217.85084129149612,612.8467485220555
Image_17,8,204.21606425702808,604.8425702811245
Image_17,8,206.16463414634143,606.2621951219512
Image_17,8,222.71875,608.7991071428571
Image_17,8,222.66071428571428,608.8526785714286
Image_17,8,235.85882352941172,613.7294117647059
Image_17,8,243.11627906976744,614.9418604651163
Image_17,8,265.11036789297657,618.2307692307693
Image_17,8,265.11036789297657,618.2307692307693
Image_17,8,265.11036789297657,618.2307692307693
Image_17,8,243.01453488372093,615.0058139534884
Image_17,8,243.01453488372093,615.0058139534884
Image_17,8,285.68161434977577,621.2286995515695
Image_17,8,285.8723404255319,622.6312056737588
Image_17,8,286.05982905982904,625.05698005698
Image_17,8,306.1025641025641,625.1111111111111
Image_17,8,305.9699570815451,625.1974248927039
Image_17,8,305.76,625.244
Image_17,8,326.23316062176167,629.6580310880829
Image_17,8,341.8830409356725,633.4912280701755
Image_17,8,342.54146341463417,634.1024390243903
Image_17,8,358.0083333333333,635.3083333333333
Image_17,8,348.13125,634.190625
Image_17,9,566.6162601626016,591.2634146341463
Image_17,9,592.6150234741784,591.3380281690141
Image_17,9,544.8,592.3523809523809
Image_17,9,596.7142857142857,603.8928571428571
Image_17,9,566.6861471861472,590.1688311688312
Image_17,9,566.6861471861472,590.1688311688312
Image_17,9,584.3333333333334,601.5909090909091
Image_17,9,579.9480519480519,589.6190476190476
Image_17,9,510.9682539682539,587.1269841269841
Image_17,9,498.9341563786008,583.0061728395061
Image_17,9,472.7333333333333,575.8853333333333
Image_17,9,454.2349206349206,577.2761904761904
Image_17,9,440.3608923884514,573.1863517060367
Image_17,9,421.81011624253847,567.6664153314482
Image_17,9,406.02192982456137,565.2894736842105
Image_17,9,373.3216783216784,558.9370629370629
Image_17,9,386.5014245014245,562.034188034188
Image_17,9,354.41082410824106,554.4760147601476
Image_17,9,321.5929203539823,546.1902654867257
Image_17,9,321.3626943005181,546.4870466321244
Image_17,9,337.7234352256186,550.5487627365357
Image_17,9,304.03225806451616,543.2016129032259
Image_17,9,288.4474017743979,539.8111533586818
Image_17,9,273.0,534.4930555555555
Image_17,9,257.4209039548022,531.2584745762712
Image_17,9,225.47857142857143,521.6214285714286
Image_17,9,227.71774193548387,531.3709677419355
Image_17,9,227.71774193548387,531.3709677419355
Image_17,9,197.1411042944785,517.4907975460122
Image_17,9,169.04444444444445,510.5259259259259
Image_17,9,182.00929614873837,513.1726427622842
Image_17,9,213.0211946050096,518.4816955684007
Image_17,9,156.68875502008032,507.3052208835341
Image_17,9,140.92047930283223,503.136165577342
Image_17,9,125.44444444444444,499.77777777777777
Image_17,10,475.071661237785,544.14332247557
Image_17,10,468.4222222222222,541.6126984126984
Image_17,10,451.4786516853932,536.6426966292134
Image_17,10,496.7030303030303,548.4060606060606
Image_17,10,451.2105263157895,536.531328320802
Image_17,10,468.4469453376206,541.6913183279743
Image_17,10,451.455764075067,536.6729222520107
Image_17,10,451.2105263157895,536.531328320802
Image_17,10,451.4786516853932,536.6426966292134
Image_17,10,507.9853249475891,554.895178197065
Image_17,10,451.243842364532,536.5467980295566
Image_17,10,482.8811475409836,545.1926229508197
Image_17,10,452.60304979747434,546.4465094114844
Image_17,10,508.5552763819096,554.9698492462312
Image_17,10,432.5192802056556,532.3856041131105
Image_17,10,432.81325301204816,532.6546184738955
Image_17,10,432.5076923076923,532.3692307692307
Image_17,10,414.2506666666667,528.112
Image_17,10,413.8738317757009,528.8084112149533
Image_17,10,413.8738317757009,528.8084112149533
Image_17,10,414.2506666666667,528.112
Image_17,10,414.264,528.0933333333334
Image_17,10,396.6163522012579,524.4622641509434
Image_17,10,396.6435331230284,524.4447949526814
Image_17,10,381.4143302180685,520.4080996884735
Image_17,10,381.4143302180685,520.4080996884735
Image_17,10,396.6435331230284,524.4447949526814
Image_17,10,381.4143302180685,520.4080996884735
Image_17,10,363.6512968299712,516.1959654178675
Image_17,10,363.6512968299712,516.1959654178675
Image_17,10,363.5650887573965,515.887573964497
Image_17,10,346.37883008356545,512.6991643454039
Image_17,10,346.37883008356545,512.6991643454039
Image_17,10,346.52061855670104,512.7474226804123
Image_17,10,346.3711911357341,512.8088642659279
Image_17,10,346.3567708333333,512.7890625
Image_17,10,328.66149068322983,506.9751552795031
Image_17,10,311.2140575079872,502.9169329073482
Image_17,11,363.5082236842105,426.2993421052632
Image_17,11,337.004329004329,420.3376623376623
Image_17,11,379.6299694189602,429.6422018348624
Image_17,11,363.9604810996564,426.319587628866
Image_17,11,337.004329004329,420.3376623376623
Image_17,11,351.15445184736524,419.15372501514236
Image_17,12,330.9385382059801,239.5282392026578
Image_17,12,355.00701754385966,245.65964912280705
Image_17,12,326.11415525114154,238.6118721461187
Image_17,12,339.5466666666667,240.56444444444443
Image_17,12,339.552036199095,240.55203619909503
Image_17,12,311.50710900473933,234.07582938388623
Image_17,12,355.00701754385966,245.65964912280705
Image_17,12,348.05,243.8362068965517
Image_17,12,311.4252336448598,234.07009345794395
Image_17,12,311.50710900473933,234.07582938388623
Image_17,12,355.0851063829787,245.60283687943263
Image_17,12,373.71794871794873,249.2948717948718
Image_17,12,327.95774331310406,241.73889263504907
Image_17,12,373.6869009584665,249.31309904153355
Image_17,12,373.6869009584665,249.31309904153355
Image_17,12,401.85128205128206,257.4512820512821
Image_17,12,402.0358974358974,257.9589743589744
Image_17,12,390.18976279650434,252.99750312109862
Image_17,12,416.5905172413793,260.4008620689655
Image_17,12,416.5905172413793,260.4008620689655
Image_17,12,416.5652173913044,260.3833992094862
Image_17,12,450.01503759398497,268.33458646616543
Image_17,12,432.030303030303,264.9280303030303
Image_17,12,450.01503759398497,268.33458646616543
Image_17,12,432.030303030303,264.9280303030303
Image_17,12,467.9297658862876,273.0535117056856
Image_17,12,467.876254180602,273.0869565217391
Image_17,12,467.9297658862876,273.0535117056856
Image_17,12,486.3527397260274,275.2739726027397
Image_17,12,486.4139072847682,275.4072847682119
Image_17,12,486.4139072847682,275.4072847682119
Image_17,12,518.4597701149426,284.2816091954023
Image_17,12,503.5518207282913,280.9299719887955
Image_17,12,503.6043360433604,280.9837398373984
Image_17,12,508.74165341812403,285.7375463698993
Image_17,12,532.5900383141762,287.1570881226054
Image_17,12,532.707627118644,288.1694915254237
Image_17,12,549.1422764227642,289.9308943089431
Image_17,12,549.7685459940653,287.83382789317506
Image_17,12,549.1422764227642,289.9308943089431
Image_17,12,549.6307692307693,289.7923076923077
Image_17,12,562.9466666666667,293.4888888888889
Image_17,12,563.3364485981308,293.76635514018693
Image_17,12,563.3364485981308,293.76635514018693
Image_17,12,594.7677165354331,301.54330708661416
Image_17,12,579.3243243243244,296.490990990991
Image_17,12,587.3442028985507,299.4909420289855
Image_17,12,595.0236220472441,301.42913385826773
Image_17,12,579.2095238095238,296.46190476190475
Image_17,12,612.0829875518672,305.8547717842324
Image_17,12,629.7383966244726,309.0
Image_17,12,629.7383966244726,309.0
Image_17,12,629.7754237288135,309.03389830508473
Image_17,12,296.19485294117646,229.01470588235293
Image_17,12,296.19485294117646,229.01470588235293
Image_17,12,296.1678832116788,228.96350364963504
Image_17,12,261.9252336448598,223.2289719626168
Image_17,12,255.71794871794876,222.71794871794876
Image_17,12,245.1483870967742,221.32258064516128
Image_17,12,255.71794871794876,222.71794871794876
Image_17,12,261.0088495575221,224.3716814159292
Image_17,12,261.0088495575221,224.3716814159292
Image_17,13,98.06756756756756,378.3445945945946
Image_17,13,111.31380753138076,378.8912133891213
Image_17,13,125.8312757201646,382.1440329218107
Image_17,13,111.31380753138076,378.8912133891213
Image_17,13,125.8312757201646,382.1440329218107
Image_17,13,125.8744939271255,382.38461538461536
Image_17,13,111.55483870967744,377.5290322580645
Image_17,13,98.65350089766606,377.9066427289048
Image_17,13,93.77747252747253,375.5769230769231
Image_17,13,93.8988764044944,375.21629213483146
Image_17,13,93.8988764044944,375.21629213483146
Image_17,13,157.4517543859649,390.3421052631579
Image_17,13,157.3913043478261,390.2913043478261
Image_17,13,157.4517543859649,390.3421052631579
Image_17,13,189.85603112840468,397.0350194552529
Image_17,13,189.85603112840468,397.0350194552529
Image_17,13,173.2987012987013,393.6060606060606
Image_17,13,207.594249201278,400.1341853035144
Image_17,13,207.59027777777777,400.2013888888889
Image_17,13,225.81294964028777,405.5539568345324
Image_17,13,225.8474025974026,406.28246753246754
Image_17,13,242.549356223176,410.6738197424893
Image_17,13,259.3659574468085,414.9829787234042
Image_17,13,259.3659574468085,414.9829787234042
Image_17,13,277.92996108949416,418.9805447470817
Image_17,13,277.92996108949416,418.9805447470817
Image_17,13,277.764,419.008
Image_17,13,295.08947368421053,423.1684210526316
Image_17,13,311.926267281106,426.3917050691245
Image_17,13,343.1196013289036,435.9102990033223
Image_17,13,343.45247148288973,435.893536121673
Image_17,13,343.4029304029304,435.84615384615387
Image_17,13,343.45247148288973,435.893536121673
Image_17,13,362.3478260869565,440.3675889328063
Image_17,13,380.5256916996048,444.8181818181818
Image_17,13,380.364312267658,444.6914498141264
Image_17,13,380.364312267658,444.6914498141264
Image_17,13,412.81951219512194,450.5609756097561
Image_17,13,398.0995475113122,447.4298642533937
Image_17,13,412.9,450.535
Image_17,13,397.9122807017544,446.89473684210526
Image_17,13,427.125,454.88762626262627
Image_17,13,441.4558823529412,457.3137254901961
Image_17,13,456.1729323308271,462.43609022556393
Image_17,13,460.6489059782111,464.9183374530806
Image_17,13,455.048309178744,461.41062801932367
Image_17,13,456.005291005291,460.6084656084656
Image_17,14,182.8717948717949,533.4957264957264
Image_17,14,175.7133105802048,531.2559726962457
Image_17,14,175.7081850533808,531.3594306049822
Image_17,14,206.27272727272728,538.1393939393939
Image_17,14,191.68376068376068,535.5897435897435
Image_17,14,191.4186046511628,535.2984496124031
Image_17,14,175.7081850533808,531.3594306049822
Image_17,14,160.35365853658536,527.6544715447154
Image_17,14,175.7133105802048,531.2559726962457
Image_17,14,175.839590443686,531.283276450512
Image_17,14,160.13114754098362,527.2254098360655
Image_17,14,191.668085106383,535.5489361702128
Image_17,14,175.7081850533808,531.3594306049822
Image_17,14,144.77064220183487,523.3730886850153
Image_17,14,144.77064220183487,523.3730886850153
Image_17,14,144.76452599388378,523.3272171253823
Image_17,14,127.69381107491856,518.9837133550488
Image_17,14,127.75333333333332,519.1966666666667
Image_17,14,127.69381107491856,518.9837133550488
Image_17,14,110.75482093663912,512.732782369146
Image_17,14,139.88723325974982,524.4026857983812
Image_17,14,109.88859649122806,514.9149122807017
Image_17,14,110.84722222222224,512.825
Image_17,14,110.75482093663912,512.732782369146
Image_17,14,92.68794326241137,510.36879432624113
Image_17,14,77.70666666666666,513.7266666666667
Image_17,14,92.68794326241137,510.36879432624113
Image_17,14,77.7810650887574,510.6390532544379
Image_17,14,60.57539682539682,504.20238095238096
Image_17,14,46.2875,499.84583333333336
Image_17,14,60.83870967741935,503.7943548387097
Image_17,14,60.57539682539682,504.20238095238096
Image_17,14,45.74206349206349,499.74603174603175
Image_17,14,53.618721461187214,502.07229832572295
Image_17,14,46.2875,499.84583333333336
Image_17,14,27.774603174603172,494.9174603174603
Image_17,14,28.023598820059,494.929203539823
Image_17,14,10.670411985018726,492.6179775280899
Image_17,14,10.665413533834586,492.6278195488722
Image_17,14,94.06085376930062,504.7484105358765
Image_17,14,218.49976156413922,534.3309489747257
Image_17,14,219.3131313131313,543.1919191919192
Image_17,14,219.51136363636363,543.2784090909091
Image_17,14,252.02564102564105,549.3516483516484
Image_17,14,250.01336675020883,554.9277360066834
Image_17,14,252.23826714801444,549.2707581227437
Image_17,14,234.7813953488372,545.9674418604651
Image_17,14,252.23826714801444,549.2707581227437
Image_17,14,271.02090592334497,552.993031358885
Image_17,14,271.02090592334497,552.993031358885
Image_17,14,271.07342657342656,553.0384615384615
Image_17,14,303.5507246376812,559.5507246376811
Image_17,14,288.48743718592965,556.4522613065327
Image_17,14,303.33076923076925,559.8038461538462
Image_17,14,288.3474576271187,556.4661016949152
Image_17,14,303.33076923076925,559.8038461538462
Image_17,14,303.47736625514403,559.7736625514403
Image_17,14,288.2731481481481,556.5787037037037
Image_17,14,288.4179104477612,556.457711442786
Image_17,14,318.3510638297872,562.4946808510638
Image_17,14,348.4486301369863,570.9349315068494
Image_17,14,331.5971563981043,566.2985781990521
Image_17,14,331.60287081339715,566.2248803827752
Image_17,14,348.5,570.8945578231293
Image_17,14,331.60287081339715,566.2248803827752
Image_17,14,348.4486301369863,570.9349315068494
Image_17,14,366.4919786096257,574.9171122994652
Image_17,14,366.4857142857143,574.6380952380953
Image_17,14,366.41379310344826,574.717868338558
Image_17,14,366.41379310344826,574.717868338558
Image_17,15,422.5896551724138,552.9206896551724
Image_17,15,431.2145328719723,554.4117647058823
Image_17,15,410.9493670886076,550.2320675105485
Image_17,15,454.167701863354,560.1304347826087
Image_17,15,454.2555205047319,560.1577287066247
Image_17,15,431.27272727272725,554.451048951049
Image_17,15,454.167701863354,560.1304347826087
Image_17,15,410.9493670886076,550.2320675105485
Image_17,15,431.2145328719723,554.4117647058823
Image_17,15,391.8798076923077,546.1875
Image_17,15,392.0054773082942,548.385758998435
Image_17,15,391.565,546.345
Image_17,15,410.9957446808511,550.1872340425532
Image_17,15,375.79828326180257,542.6437768240344
Image_17,15,375.4016064257028,542.4578313253012
Image_17,15,356.98275862068965,538.9353448275862
Image_17,15,357.0833333333333,538.9868421052631
Image_17,15,337.9825327510917,535.7772925764192
Image_17,15,316.6244131455399,532.0657276995305
Image_17,15,316.7302325581396,532.1209302325582
Image_17,15,285.3463687150838,524.536312849162
Image_17,15,270.1961722488038,517.6411483253588
Image_17,15,256.8020833333333,513.1302083333334
Image_17,15,320.1238670694864,522.0483383685801
Image_17,15,315.2893890675241,520.951768488746
Image_17,15,315.2893890675241,520.951768488746
Image_17,15,316.05172413793105,521.0379310344828
Image_17,15,245.57587064676616,510.2661691542288
Image_17,15,228.2786069651741,508.4925373134328
Image_17,15,208.88727272727272,503.5418181818182
Image_17,15,209.0,503.5687732342008
Image_17,15,259.0205761316872,506.8230452674897
Image_17,15,190.1897233201581,498.65612648221344
Image_17,15,190.2145593869732,498.4406130268199
Image_17,15,169.79522184300342,493.9317406143344
Image_17,15,169.47513812154696,494.243093922652
Image_17,15,169.9560810810811,494.0337837837838
Image_17,15,148.00357142857143,488.8142857142857
Image_17,15,148.00357142857143,488.8142857142857
Image_17,15,148.00357142857143,488.8142857142857
Image_17,15,113.965,480.73
Image_17,15,130.0340909090909,483.9943181818182
Image_17,15,113.965,480.73
Image_17,15,130.0340909090909,483.9943181818182
Image_17,15,114.04,480.74
Image_17,15,96.24590163934428,474.3032786885246
Image_17,15,95.56632653061224,474.6683673469388
Image_17,15,62.12781954887218,465.34586466165416
Image_17,15,62.09885931558935,465.4486692015209
Image_17,15,47.69648181276088,466.2727092029417
Image_17,15,43.35942028985507,462.40579710144925
Image_17,15,43.35942028985507,462.40579710144925
Image_17,15,43.42814371257485,462.5059880239521
Image_17,15,474.5353535353535,563.2070707070707
Image_17,16,41.93414211438475,468.7764298093588
Image_17,16,8.111317254174397,468.75324675324674
Image_17,16,7.961992136304063,470.82787243337697
Image_17,16,22.45578231292517,471.1768707482993
Image_17,17,79.26527050610821,184.37521815008725
Image_17,17,55.935483870967744,176.4119106699752
Image_17,17,85.8931623931624,184.43589743589743
Image_17,17,100.26962457337883,185.81569965870307
Image_17,17,46.91207860409961,174.41029984753516
Image_17,17,55.91919191919192,176.52777777777777
Image_17,17,55.91919191919192,176.52777777777777
Image_17,17,37.89542483660131,171.27124183006535
Image_17,17,79.12389380530973,184.2424778761062
Image_17,17,71.4766355140187,180.6635514018692
Image_17,17,71.4766355140187,180.6635514018692
Image_17,17,37.86644951140065,171.28664495114006
Image_17,17,37.89542483660131,171.27124183006535
Image_17,17,37.31123919308357,171.02881844380403
Image_17,17,18.471544715447155,167.5040650406504
Image_17,17,18.516042780748663,167.57219251336898
Image_17,17,18.471544715447155,167.5040650406504
Image_17,17,3.6908212560386473,160.96135265700482
Image_17,18,318.2692307692308,86.72552447552448
Image_17,18,291.93087557603684,79.21198156682027
Image_17,18,306.26385224274406,83.43271767810026
Image_17,18,304.3574561403509,82.95614035087719
Image_17,18,341.8829431438127,93.11371237458194
Image_17,18,294.74678111587986,80.12875536480686
Image_17,18,271.5276073619632,84.8159509202454
Image_17,18,239.9243697478992,76.23529411764706
Image_17,18,257.042194092827,79.92405063291139
Image_17,18,287.3962264150944,90.32075471698111
Image_17,18,240.20392156862744,76.38039215686274
Image_17,18,240.02928870292888,76.34728033472804
Image_17,18,256.9016393442623,79.9139344262295
Image_17,18,240.02928870292888,76.34728033472804
Image_17,18,257.042194092827,79.92405063291139
Image_17,18,287.56108597285066,90.37556561085972
Image_17,18,306.34095285941555,98.12672695302687
Image_17,18,305.22857142857146,94.76190476190476
Image_17,18,305.3101851851852,94.64814814814817
Image_17,18,305.22857142857146,94.76190476190476
Image_17,18,323.03139013452915,99.6322869955157
Image_17,18,323.0358744394619,99.59192825112108
Image_17,18,355.30687830687833,107.47619047619048
Image_17,18,340.11578947368423,104.58947368421052
Image_17,18,369.18961352657004,109.97101449275362
Image_17,18,382.7171717171717,112.75252525252525
Image_17,18,382.64824120603015,112.8643216080402
Image_17,18,396.221198156682,116.29032258064515
Image_17,18,382.7089201877934,112.68544600938966
Image_17,18,412.135593220339,121.3457627118644
Image_17,18,412.135593220339,121.3457627118644
Image_17,18,412.1952861952862,121.32659932659932
Image_17,18,431.6410256410256,126.02564102564102
Image_17,18,431.6410256410256,126.02564102564102
Image_17,18,431.5467625899281,125.97122302158272
Image_17,18,449.2268518518519,129.78703703703704
Image_17,18,465.51173708920186,133.4788732394366
Image_17,18,449.2268518518519,129.78703703703704
Image_17,18,480.8477157360406,136.71065989847716
Image_17,18,480.2026431718062,137.5770925110132
Image_17,18,498.5030303030303,141.43636363636364
Image_17,18,498.5620052770449,142.2532981530343
Image_17,18,498.69344042838014,144.3995983935743
Image_17,18,498.5620052770449,142.2532981530343
Image_17,18,498.531914893617,141.43768996960486
Image_17,18,519.4406779661017,147.64124293785312
Image_17,18,519.4406779661017,147.64124293785312
Image_17,18,519.4915254237288,147.6723163841808
Image_17,18,540.3177570093458,149.85669781931463
Image_17,18,540.2861538461539,149.96923076923076
Image_17,18,540.3177570093458,149.85669781931463
Image_17,18,572.34375,158.359375
Image_17,18,557.8693693693693,154.47747747747746
Image_17,18,557.7536231884058,154.7391304347826
Image_17,18,557.8693693693693,154.47747747747746
Image_17,18,586.5179487179487,162.05128205128204
Image_17,18,586.5179487179487,162.05128205128204
Image_17,18,619.5145228215767,172.2863070539419
Image_17,18,619.4602510460251,172.23430962343096
Image_17,18,600.8465909090909,167.27272727272728
Image_17,18,223.46521739130435,72.30434782608695
Image_17,18,223.46521739130435,72.30434782608695
Image_17,18,223.46521739130435,72.30434782608695
Image_17,18,207.17937219730945,67.97309417040358
Image_17,18,207.17937219730945,67.97309417040358
Image_17,18,191.12741312741312,63.552123552123554
Image_17,18,207.1830357142857,67.78125
Image_17,18,191.17045454545453,63.72348484848485
Image_17,18,171.97213622291022,59.0092879256966
Image_17,18,171.8841463414634,59.0030487804878
Image_17,18,165.18904593639576,57.02650176678445
Image_17,18,171.8841463414634,59.0030487804878
Image_17,18,152.53429602888087,53.15523465703971
Image_17,18,152.53429602888087,53.15523465703971
Image_17,18,152.44366197183098,53.059859154929576
Image_17,18,133.1153846153846,49.25
Image_17,18,133.0390625,49.18359375
Image_17,18,133.22622950819672,49.6983606557377
Image_17,18,125.78317588843905,48.4336482231219
Image_17,18,133.22622950819672,49.6983606557377
Image_17,18,116.30459770114942,44.76436781609196
Image_17,18,116.33333333333331,44.81666666666667
Image_17,18,101.69072164948452,40.577319587628864
Image_17,18,86.27678571428571,36.64732142857143
Image_17,18,68.43359375,31.7109375
Image_17,18,86.27678571428571,36.64732142857143
Image_17,18,68.43359375,31.7109375
Image_17,18,68.31417624521073,31.731800766283524
Image_17,18,49.65972222222222,25.92013888888889
Image_17,18,49.65972222222222,25.92013888888889
Image_17,18,49.72527472527472,26.71794871794872
Image_17,18,49.70877192982456,25.964912280701757
Image_17,18,30.661417322834644,20.20472440944882
Image_17,18,30.54909090909091,20.912727272727277
Image_17,18,30.666666666666668,20.05363984674329
Image_17,18,11.105839416058394,16.598540145985403
Image_17,18,11.105839416058394,16.598540145985403
Image_17,18,11.593628088426527,19.066103164282616
Image_17,18,10.923076923076923,16.667832167832167
Image_17,19,228.40998217468805,330.7647058823529
Image_17,19,208.9516129032258,328.85806451612905
Image_17,19,258.2088607594937,337.9177215189873
Image_17,19,258.415512465374,338.6398891966759
Image_17,19,228.8942065491184,328.352644836272
Image_17,19,287.7637362637363,339.7087912087912
Image_17,19,229.4,328.5323943661972
Image_17,19,229.4,328.5323943661972
Image_17,19,287.7637362637363,339.7087912087912
Image_17,19,303.8514851485148,342.93564356435644
Image_17,19,319.14957264957263,345.36752136752136
Image_17,19,271.47159090909093,336.89772727272725
Image_17,19,348.5730110775428,356.7044310171198
Image_17,19,334.74178403755866,348.8075117370892
Image_17,19,352.6825396825397,353.3531746031746
Image_17,19,371.427027027027,355.97837837837835
Image_17,19,389.1320754716981,358.7358490566038
Image_17,19,405.28823529411767,361.5
Image_17,19,420.2063492063492,365.36507936507934
Image_17,19,436.646511627907,368.5302325581395
Image_17,19,451.8353096179183,371.49143610013175
Image_17,19,465.72049689441,373.8198757763975
Image_17,19,480.1156462585034,375.8095238095238
Image_17,19,480.1156462585034,375.8095238095238
Image_17,19,494.49897750511246,377.9120654396728
Image_17,19,527.2328244274809,379.3791348600509
Image_17,19,558.8571428571429,390.667701863354
Image_17,19,555.5276461295418,377.1864139020537
Image_17,19,583.710843373494,376.1759036144578
Image_17,19,582.719298245614,381.359649122807
Image_17,19,542.0103519668736,375.9792960662526
Image_17,19,527.5714285714286,372.6688311688312
Image_17,19,569.6666666666666,378.6016260162602
Image_17,19,582.5419847328244,381.2442748091603
Image_17,19,616.4676258992806,389.0935251798561
Image_17,19,616.4676258992806,389.0935251798561
Image_17,19,632.2252252252252,392.6426426426426
Image_17,19,599.0882962962962,394.576
Image_17,19,615.2901960784313,401.05882352941177
Image_17,19,578.7425742574258,393.7970297029703
Image_17,19,578.7425742574258,393.7970297029703
Image_17,19,616.0730519480519,396.6136363636364
Image_17,19,597.4596273291926,398.1925465838509
Image_17,19,633.84,406.128
Image_17,19,512.8163992869875,368.64527629233504
Image_17,19,569.9644444444444,373.9528888888888
Image_17,19,542.6461538461539,388.1923076923077
Image_17,19,510.1473004694835,385.8773474178403
Image_17,19,385.56563876651984,368.2367107195301
Image_17,19,410.56953642384104,378.5066225165563
Image_17,19,355.5792880258899,367.46763754045304
Image_17,19,322.6507936507937,360.6031746031746
Image_17,19,322.6507936507937,360.6031746031746
Image_17,19,373.42788461538464,370.7451923076923
Image_17,19,373.3268292682927,370.76585365853657
Image_17,19,373.42788461538464,370.7451923076923
Image_17,19,393.2018348623853,374.5
Image_17,19,393.3928571428572,374.875
Image_17,19,426.4492753623188,382.0434782608696
Image_17,19,426.4492753623188,382.0434782608696
Image_17,19,441.4071856287425,384.8443113772455
Image_17,19,456.4755244755245,388.1468531468532
Image_17,19,483.51330203442876,394.39906103286387
Image_17,19,470.30634278002697,391.47233468286095
Image_17,19,495.39102564102564,397.5192307692308
Image_17,19,526.6277205040092,403.9392898052692
Image_17,19,509.0274348422496,401.10699588477365
Image_17,19,542.9315476190476,407.297619047619
Image_17,19,558.7153075822604,411.14163090128756
Image_17,19,572.4387755102041,413.83843537414964
Image_17,19,585.634703196347,417.19025875190255
Image_17,19,599.623076923077,420.6461538461538
Image_17,19,617.8622448979592,423.75
Image_17,19,617.8711340206186,423.7113402061856
Image_17,19,617.8711340206186,423.7113402061856
Image_17,19,634.787728026534,427.379767827529
Image_17,19,306.0915371329879,356.55440414507774
Image_17,19,287.785046728972,352.8224299065421
Image_17,20,292.4194139194139,299.1208791208791
Image_17,20,310.4735576923077,302.2764423076923
Image_17,20,312.73417721518985,297.54852320675104
Image_17,20,292.4194139194139,299.1208791208791
Image_17,20,310.3409669211196,302.9745547073791
Image_17,20,310.4735576923077,302.2764423076923
Image_17,20,333.87003610108303,301.8086642599278
Image_17,20,338.07821901323706,303.97906137184117
Image_17,20,292.4482758620689,300.2048681541582
Image_17,20,333.87003610108303,301.8086642599278
Image_17,20,333.84859154929575,301.8345070422535
Image_17,20,353.89447236180905,305.7889447236181
Image_17,20,370.11311672683513,308.6750902527076
Image_17,20,384.0579710144928,313.3333333333333
Image_17,20,400.0567010309279,316.66494845360825
Image_17,20,417.2772727272727,320.6545454545454
Image_17,20,434.165548098434,325.1744966442953
Image_17,20,458.4926829268293,329.5682926829268
Image_17,20,465.7842105263158,330.7368421052632
Image_17,20,458.4926829268293,329.5682926829268
Image_17,20,458.4799054373523,329.46335697399525
Image_17,20,484.3656957928803,335.42394822006474
Image_17,20,484.2283464566929,334.248031496063
Image_17,20,502.8317757009346,338.4906542056075
Image_17,20,518.2466666666667,342.5133333333333
Image_17,20,534.2735665694848,353.0116618075802
Image_17,20,533.2337662337662,346.61038961038963
Image_17,20,563.2631578947369,352.3349282296651
Image_17,20,563.5929648241206,352.60804020100505
Image_17,20,548.6578947368421,349.12631578947367
Image_17,20,578.0365853658536,355.5975609756098
Image_17,20,592.8808618504436,358.3929024081115
Image_17,20,607.025,362.5375
Image_17,20,620.5725190839695,365.53435114503816
Image_17,20,625.38,361.32666666666665
Image_17,20,502.0506329113924,353.67229254571026
Image_17,20,486.5117994100295,349.68436578171094
Image_17,20,474.8190476190476,348.18285714285713
Image_17,20,518.3656716417911,357.85074626865674
Image_17,20,488.2093023255814,353.4651162790698
Image_17,20,496.6008064516129,353.81048387096774
Image_17,20,460.22549019607845,345.98039215686276
Image_17,20,489.1686746987952,355.8313253012048
Image_17,20,429.6971830985916,339.6478873239437
Image_17,20,413.8142857142857,335.99642857142857
Image_17,20,453.2697335344394,337.7031171442936
Image_17,20,395.3588235294118,332.56470588235294
Image_17,20,378.59630911188003,328.34717416378317
Image_17,20,344.22935779816515,330.3669724770642
Image_17,20,346.7634961439589,330.40102827763496
Image_17,20,359.2631578947368,321.3567251461988
Image_17,20,359.5309278350516,321.54639175257734
Image_17,20,346.885393258427,330.34831460674155
Image_17,20,344.22935779816515,330.3669724770642
Image_17,20,340.4,317.6969696969697
Image_17,20,535.859872611465,362.828025477707
Image_17,20,295.1688596491228,290.7719298245614
Image_17,20,294.2652173913044,293.0304347826087
Image_17,20,295.833442910366,294.4191321499014
Image_17,20,294.25,293.1359649122807
Image_17,20,295.1688596491228,290.7719298245614
Image_17,21,453.0092250922509,246.89114391143912
Image_17,21,476.41472868217056,251.43798449612405
Image_17,21,476.5799256505576,251.57620817843863
Image_17,21,427.55350553505536,241.32472324723247
Image_17,21,460.234375,248.42578125
Image_17,21,476.6203007518797,251.5375939849624
Image_17,21,427.7751937984496,241.3682170542636
Image_17,21,476.5955056179776,251.52059925093636
Image_17,21,476.5955056179776,251.52059925093636
Image_17,21,460.234375,248.42578125
Image_17,21,453.30966469428006,246.98027613412228
Image_17,21,427.7716535433071,241.1023622047244
Image_17,21,427.55350553505536,241.32472324723247
Image_17,21,444.5659574468085,245.22127659574468
Image_17,21,443.3480825958702,245.03834808259583
Image_17,21,409.37025316455697,236.77848101265823
Image_17,21,409.37025316455697,236.77848101265823
Image_17,21,409.37025316455697,236.77848101265823
Image_17,21,390.6268115942029,232.6304347826087
Image_17,21,390.6268115942029,232.6304347826087
Image_17,21,372.6025073746312,227.60103244837757
Image_17,21,354.66425992779784,223.3321299638989
Image_17,21,354.7080291970803,223.38686131386865
Image_17,21,335.0058997050148,217.9203539823009
Image_17,21,335.0058997050148,217.9203539823009
Image_17,21,334.9638554216868,217.78614457831324
Image_17,21,316.0995670995671,213.92207792207796
Image_17,21,316.1304347826087,213.91304347826087
Image_17,21,301.10505836575874,209.82101167315176
Image_17,21,270.2837305699482,202.66017271157165
Image_17,21,299.6441441441441,210.3063063063063
Image_17,21,299.1515151515151,210.7757575757576
Image_17,21,251.5528455284553,199.0691056910569
Image_17,21,301.4110576923077,206.63942307692307
Image_17,21,298.17543859649123,210.59649122807016
Image_17,21,299.6441441441441,210.3063063063063
Image_17,21,299.51727192205493,215.80749926188366
Image_17,21,264.4229074889868,205.73127753303964
Image_17,21,263.3123486682809,213.07990314769972
Image_17,21,264.24666666666667,203.4933333333333
Image_17,21,231.5257731958763,194.5360824742268
Image_17,21,231.675,196.4642857142857
Image_17,21,490.8535178777393,253.6574394463668
Image_17,21,521.4190751445087,261.60693641618496
Image_17,21,503.7860465116279,257.69767441860466
Image_17,21,503.7533632286995,257.8385650224215
Image_17,21,503.8341013824885,257.741935483871
Image_17,21,521.4380403458214,261.628242074928
Image_17,21,505.6376590330788,252.42442748091602
Image_17,21,503.7533632286995,257.8385650224215
Image_17,21,521.4380403458214,261.628242074928
Image_17,21,541.7851851851852,263.2407407407408
Image_17,21,541.7100371747212,263.25650557620816
Image_17,21,541.7300469483569,266.30046948356807
Image_17,21,562.2013651877133,270.5870307167236
Image_17,21,562.2965517241379,270.3793103448276
Image_17,21,562.2965517241379,270.3793103448276
Image_17,21,578.3711340206186,274.40893470790377
Image_17,21,596.9765100671141,279.3993288590604
Image_17,21,605.8354744775608,272.1956149366221
Image_17,21,597.078231292517,279.312925170068
Image_17,21,596.9765100671141,279.3993288590604
Image_17,21,615.535294117647,283.54117647058825
Image_17,21,615.4941520467836,283.5175438596491
Image_17,21,615.4941520467836,283.5175438596491
Image_17,21,633.4197952218431,286.77474402730377
Image_17,21,633.4013605442177,286.73809523809524
Image_17,22,518.9040590405904,38.13468634686347
Image_17,22,547.2556306306305,50.81587837837838
Image_17,22,566.731914893617,55.30212765957447
Image_17,22,566.731914893617,55.30212765957447
Image_17,22,518.9007782101168,38.235408560311285
Image_17,22,518.9007782101168,38.235408560311285
Image_17,22,566.900826446281,55.421487603305785
Image_17,22,553.0292397660819,52.93567251461988
Image_17,22,584.2820512820513,59.58974358974359
Image_17,22,584.2820512820513,59.58974358974359
Image_17,22,600.4418604651163,63.65116279069768
Image_17,22,600.4685039370079,63.775590551181104
Image_17,22,600.4247104247104,63.76447876447877
Image_17,22,618.4007220216606,67.57761732851985
Image_17,22,634.3076923076923,72.27179487179487
Image_17,22,618.4007220216606,67.57761732851985
Image_17,22,618.4126394052045,67.45353159851301
Image_17,22,618.4598540145986,67.55109489051095
Image_17,22,634.2857142857143,72.23469387755102
Image_17,23,415.5692599620493,181.7324478178368
Image_17,23,441.0505415162455,187.16606498194943
Image_17,23,386.49380165289256,174.52272727272728
Image_17,23,393.572192513369,176.67914438502677
Image_17,23,423.7475247524753,184.0643564356436
Image_17,23,408.1338514680483,179.7538860103627
Image_17,23,386.49380165289256,174.52272727272728
Image_17,23,365.6696428571428,170.20982142857142
Image_17,23,380.66508030933966,176.3751735078326
Image_17,23,347.91808873720134,168.43003412969284
Image_17,23,347.98976982097184,168.28644501278774
Image_17,23,329.4916387959866,163.3277591973244
Image_17,23,329.5448275862069,163.1793103448276
Image_17,23,311.80727272727273,159.68
Image_17,23,311.88425925925924,156.97222222222223
Image_17,23,311.80727272727273,159.68
Image_17,23,294.8203125,155.40234375
Image_17,23,294.92913385826773,155.35433070866142
Image_17,23,294.8203125,155.40234375
Image_17,23,281.41382868937046,151.7564499484004
Image_17,23,315.08021570610043,149.43916413886078
Image_17,23,267.2459677419355,148.08870967741936
Image_17,23,253.7058823529412,143.3048128342246
Image_17,23,237.5469613259669,140.83977900552486
Image_17,23,220.62280701754383,137.17105263157896
Image_17,23,200.9128787878788,133.03030303030303
Image_17,23,459.13461538461536,191.72596153846155
Image_17,23,459.5090909090909,191.78636363636363
Image_17,23,459.04761904761904,191.72380952380956
Image_17,23,473.86741016109045,195.15737298636924
Image_17,23,459.5090909090909,191.78636363636363
Image_17,23,486.7967479674797,197.4512195121951
Image_17,23,514.4617834394904,203.8566878980892
Image_17,23,514.5233644859813,204.0809968847352
Image_17,23,498.26146788990826,200.73394495412845
Image_17,23,514.4617834394904,203.8566878980892
Image_17,23,531.7760252365931,210.2839116719243
Image_17,23,532.7905138339921,209.5059288537549
Image_17,23,531.7760252365931,210.2839116719243
Image_17,23,566.0243902439024,217.37979094076653
Image_17,23,548.9264705882352,213.2610294117647
Image_17,23,549.12734082397,213.06741573033707
Image_17,23,549.12734082397,213.06741573033707
Image_17,23,566.0243902439024,217.37979094076653
Image_17,23,598.6713615023474,226.12206572769952
Image_17,23,582.7153024911032,222.38434163701064
Image_17,23,598.6713615023474,226.12206572769952
Image_17,23,582.7153024911032,222.38434163701064
Image_17,23,582.7593220338983,222.6
Image_17,23,613.0418410041841,228.26778242677824
Image_17,23,612.9634703196347,228.18721461187212
Image_17,23,612.9634703196347,228.18721461187212
Image_17,23,566.056338028169,217.34859154929575
Image_17,23,627.12,231.52
Image_17,23,528.4171122994652,214.97860962566844
Image_17,24,92.97227722772276,251.24950495049504
Image_17,24,114.25641025641025,257.48717948717945
Image_17,24,60.972636815920396,252.34577114427856
Image_17,24,126.18571428571428,252.37142857142857
Image_17,24,96.59859154929578,244.6420187793427
Image_17,24,150.55263157894737,260.1578947368421
Image_17,24,174.52592592592592,265.6740740740741
Image_17,24,193.97560975609755,268.4634146341463
Image_17,24,193.97560975609755,268.4634146341463
Image_17,24,80.00519210799584,241.40913811007266
Image_17,24,62.18552036199095,236.841628959276
Image_17,24,61.98139534883721,236.72093023255812
Image_17,24,41.47368421052632,231.1654135338346
Image_17,24,41.47368421052632,231.1654135338346
Image_17,24,41.47368421052632,231.1654135338346
Image_17,24,19.515418502202643,225.8458149779736
Image_17,24,19.611353711790397,225.87336244541484
Image_17,24,19.611353711790397,225.87336244541484
Image_17,24,91.91324200913242,260.35616438356163
Image_17,24,75.42758620689655,256.3793103448276
Image_17,24,46.61309523809524,249.29166666666663
Image_17,24,30.85652173913044,244.8913043478261
Image_17,24,93.41923076923077,259.06538461538463
Image_17,24,46.61309523809524,249.29166666666663
Image_17,24,91.91324200913242,260.35616438356163
Image_17,24,15.515837104072398,241.4162895927602
Image_17,24,15.11904761904762,241.46190476190475
Image_17,25,253.99001996007985,112.02594810379242
Image_17,25,262.67555555555555,114.41777777777776
Image_17,25,253.99001996007985,112.02594810379242
Image_17,26,8.57606490872211,298.3793103448276
Image_17,26,26.569934640522874,305.70457516339866
Image_17,26,3.554140127388535,297.85350318471336
Image_17,26,13.53763440860215,302.2849462365592
Image_17,26,9.094182825484763,300.7368421052632
Image_17,26,9.094182825484763,300.7368421052632
Image_17,26,52.713804713804706,310.65824915824913
Image_17,26,4.1125,295.35
Image_17,27,128.305954825462,135.20328542094455
Image_17,27,151.69633507853402,144.6151832460733
Image_17,27,152.04289544235925,144.2171581769437
Image_17,27,101.79889807162535,128.53099173553719
Image_17,27,151.69633507853402,144.6151832460733
Image_17,27,128.305954825462,135.20328542094455
Image_17,27,157.2994011976048,145.7185628742515
Image_17,27,127.84696016771488,135.01257861635222
Image_17,27,172.14814814814815,147.44444444444446
Image_17,27,133.40183182305367,143.2690246516613
Image_17,27,196.246835443038,154.68354430379748
Image_17,27,225.1595744680851,161.4255319148936
Image_17,27,225.62235855487387,167.02862985685073
Image_17,27,209.35546875,158.19140625
Image_17,27,260.45454545454544,170.19545454545454
Image_17,27,251.1213788045471,167.74294096076272
Image_17,27,260.4837209302325,170.12558139534883
Image_17,27,279.2274368231047,174.06498194945848
Image_17,27,279.2274368231047,174.06498194945848
Image_17,27,279.12280701754383,173.99649122807017
Image_17,27,294.927868852459,178.00655737704918
Image_17,27,294.9193548387097,178.03225806451613
Image_17,27,313.2025316455696,180.9198312236287
Image_17,27,313.2025316455696,180.9198312236287
Image_17,27,294.927868852459,178.00655737704918
Image_17,27,327.718085106383,184.91489361702128
Image_17,27,327.74603174603175,184.9312169312169
Image_17,27,340.748427672956,187.88679245283015
Image_17,27,354.32022471910113,191.23033707865167
Image_17,27,383.0846774193548,199.6491935483871
Image_17,27,368.6167664670659,195.91017964071852
Image_17,27,396.5444444444444,202.9388888888889
Image_17,27,413.2712418300654,207.8202614379085
Image_17,27,413.2712418300654,207.8202614379085
Image_17,27,413.5575539568345,207.87769784172664
Image_17,27,413.6363636363636,207.8945454545455
Image_17,27,434.5551601423488,212.15658362989325
Image_17,27,434.75,212.21875
Image_17,27,434.5551601423488,212.15658362989325
Image_17,27,467.7908496732026,218.6797385620915
Image_17,27,453.56288478452063,216.12049252418643
Image_17,27,467.72297297297297,218.52027027027023
Image_17,27,409.1890611541774,210.7652885443583
Image_17,27,495.3939393939394,226.3838383838384
Image_17,27,480.2275132275132,222.7386243386243
Image_17,27,512.6808510638298,229.85531914893616
Image_17,27,527.8502994011976,231.437125748503
Image_17,27,541.730593607306,234.9634703196347
Image_17,27,541.5728155339806,234.9466019417476
Image_17,27,541.5728155339806,234.9466019417476
Image_17,27,554.4328703703703,236.55787037037032
Image_17,27,568.1204188481676,240.41884816753927
Image_17,27,515.9007832898172,227.57441253263707
Image_17,27,594.4307692307692,247.44615384615383
Image_17,27,580.9010989010989,243.7472527472528
Image_17,27,608.911111111111,249.119806763285
Image_17,27,623.547619047619,250.69642857142856
Image_17,27,636.0174291938997,254.54030501089323
Image_17,27,624.0869565217391,251.1467391304348
Image_17,27,82.33862433862434,128.87301587301587
Image_17,27,85.16326530612245,125.6721088435374
Image_17,27,82.33862433862434,128.87301587301587
Image_17,27,82.45685279187818,128.81725888324874
Image_17,27,51.27450980392157,123.2483660130719
Image_17,27,66.45121951219512,125.4451219512195
Image_17,27,35.05747126436781,120.07471264367815
Image_17,27,16.81528662420382,116.8471337579618
Image_17,27,3.011037527593819,113.25386313465783
Image_17,28,207.16875,575.10625
Image_17,28,221.2403846153846,578.3846153846154
Image_17,28,219.39068100358423,577.9677419354839
Image_17,28,218.3860294117647,577.8566176470588
Image_17,28,198.7767120462046,575.4076938943894
Image_17,28,221.2403846153846,578.3846153846154
Image_17,28,218.3860294117647,577.8566176470588
Image_17,28,207.16875,575.10625
Image_17,28,253.81679389312976,578.5954198473282
Image_17,28,227.99115044247787,571.480825958702
Image_17,28,270.1515151515151,581.7212121212121
Image_17,28,289.7692307692308,585.8165680473372
Image_17,28,289.8224852071006,585.9644970414201
Image_17,28,309.36686390532543,589.5562130177515
Image_17,28,309.36309523809524,589.5892857142857
Image_17,28,309.36686390532543,589.5562130177515
Image_17,28,327.75814536340846,595.7944862155388
Image_17,28,344.4622222222222,600.6955555555555
Image_17,28,212.1632183908046,567.4091954022988
Image_17,28,165.7836879432624,564.2730496453901
Image_17,28,165.53125,576.56875
Image_17,28,160.490234375,576.2591145833333
Image_17,28,139.8923076923077,570.974358974359
Image_17,28,180.47093023255812,581.3081395348837
Image_17,28,193.7237569060773,583.7734806629834
Image_17,28,223.05084745762716,591.2485875706215
Image_17,28,207.9095744680851,587.25
Image_17,28,223.05084745762716,591.2485875706215
Image_17,28,207.94117647058823,587.2780748663101
Image_17,28,240.16988416988417,594.4980694980695
Image_17,28,240.2248062015504,594.4341085271318
Image_17,28,240.2248062015504,594.4341085271318
Image_17,28,272.63157894736844,592.2105263157895
Image_17,28,257.82307692307694,597.1730769230769
Image_17,28,257.72200772200773,597.1119691119691
Image_17,28,291.7226277372263,603.1824817518249
Image_17,28,291.6521739130435,603.1231884057971
Image_17,28,291.7226277372263,603.1824817518249
Image_17,28,309.2328244274809,607.2519083969465
Image_17,28,309.176,607.216
Image_17,28,324.4078947368421,611.0131578947369
Image_17,28,341.2410071942446,615.5035971223022
Image_17,28,341.2410071942446,615.5035971223022
Image_17,28,341.2919708029197,615.485401459854
Image_17,28,341.1766666666667,615.61
Image_17,28,340.9652996845426,615.7570977917981
Image_17,28,359.5239852398524,620.0442804428044
Image_17,28,359.5239852398524,620.0442804428044
Image_17,28,379.55417956656345,625.6191950464396
Image_17,28,379.55417956656345,625.6191950464396
Image_17,28,382.6596858638744,624.9267015706806
Image_17,28,335.45134350036307,620.9713144517066
Image_17,28,379.96699669967,625.5016501650165
Image_17,28,381.0,628.4041095890411
Image_17,28,381.0,628.4041095890411
Image_17,28,411.1463414634146,632.9349593495934
Image_17,28,291.65011820330966,592.758527524485
Image_17,28,124.89082969432314,566.1528384279476
Image_17,28,124.91739130434784,566.195652173913
Image_17,28,124.31055900621118,566.4285714285714
Image_17,28,103.00967741935484,560.3569892473118
Image_17,28,84.35714285714286,554.9
Image_17,28,72.33125,550.35625
Image_17,28,57.2046783625731,547.2105263157895
Image_17,28,42.33476394849785,544.3090128755365
Image_17,28,56.61734693877551,547.030612244898
Image_17,28,24.11975099037917,547.6399547255235
Image_17,28,26.035242290748897,539.6211453744494
Image_17,28,7.31651376146789,534.9862385321101
Image_17,28,7.28310502283105,534.9908675799087
Image_17,29,105.0615711252654,325.36730360934183
Image_17,29,75.18666666666667,324.50666666666666
Image_17,29,135.14814814814812,333.6031746031746
Image_17,29,105.18543046357615,325.5739514348786
Image_17,29,105.18543046357615,325.5739514348786
Image_17,30,269.7186147186148,94.42640692640693
Image_17,30,238.0,94.78547854785478
Image_17,30,269.7186147186148,94.42640692640693
Image_17,30,223.03381642512073,90.69951690821256
Image_17,30,267.40776699029124,102.50485436893204
Image_17,30,207.95341614906832,86.33333333333333
Image_17,30,251.99184149184146,98.14568764568763
Image_17,30,283.84415584415586,107.36796536796535
Image_17,30,299.8606557377049,112.86065573770492
Image_17,30,316.016,116.848
Image_17,30,315.95348837209303,117.06201550387595
Image_17,30,299.8734693877551,112.82448979591835
Image_17,30,300.0978260869565,112.7463768115942
Image_17,30,315.8880597014925,117.04850746268656
Image_17,30,299.8734693877551,112.82448979591835
Image_17,30,300.0978260869565,112.7463768115942
Image_17,30,299.96666666666664,112.78518518518518
Image_17,30,315.95348837209303,117.06201550387595
Image_17,30,331.8443396226415,120.93396226415096
Image_17,30,349.01176470588234,125.32549019607843
Image_17,30,381.1470588235294,134.25210084033614
Image_17,30,365.4888888888889,129.2
Image_17,30,396.73991031390136,137.33632286995515
Image_17,30,411.59322033898303,141.64406779661016
Image_17,30,426.5982532751092,144.53275109170306
Image_17,30,426.5701754385965,144.53508771929825
Image_17,30,426.5701754385965,144.53508771929825
Image_17,30,440.8609625668449,147.7379679144385
Image_17,30,454.01904761904757,149.7047619047619
Image_17,30,440.5141509433962,147.99056603773585
Image_17,30,468.3842592592592,153.9537037037037
Image_17,30,468.37219730941706,153.96860986547085
Image_17,30,468.3842592592592,153.9537037037037
Image_17,30,485.2827868852459,158.3032786885246
Image_17,30,500.68108108108106,161.7945945945946
Image_17,30,485.2827868852459,158.3032786885246
Image_17,30,485.251012145749,158.59109311740892
Image_17,30,513.8584656084656,166.23148148148147
Image_17,30,535.4647887323944,168.80985915492957
Image_17,30,549.8048780487804,172.5650406504065
Image_17,30,565.8316326530612,176.73979591836735
Image_17,30,581.1946902654868,180.9070796460177
Image_17,30,581.1066666666667,180.90222222222224
Image_17,30,598.1699779249448,184.0849889624724
Image_17,30,630.4105960264901,191.0794701986755
Image_17,30,614.3411214953271,187.99065420560748
Image_17,30,608.0626506024097,186.21204819277108
Image_17,30,630.2474747474747,190.6717171717172
Image_17,30,178.22727272727272,78.62121212121212
Image_17,30,193.06492248062014,83.17344961240309
Image_17,30,163.3005249343832,75.09448818897638
Image_17,30,148.16666666666666,72.01960784313725
Image_17,30,135.11301859799713,68.87839771101574
Image_17,30,125.05113636363636,65.88068181818181
Image_17,30,112.33136094674556,62.63905325443787
Image_17,30,86.4391891891892,55.62837837837838
Image_17,30,86.42953020134229,55.68456375838926
Image_17,30,73.36057692307692,52.33173076923077
Image_17,30,58.01255230125523,48.64853556485355
Image_17,30,58.01255230125523,48.64853556485355
Image_17,30,73.35096153846153,52.27884615384615
Image_17,30,42.224530168150345,43.045499505440155
Image_17,30,26.53112033195021,38.448132780082986
Image_17,30,9.121495327102805,35.22429906542056
Image_17,30,9.055555555555555,35.19907407407408
Image_17,30,26.53112033195021,38.448132780082986
Image_17,31,496.1950113378685,604.7210884353741
Image_17,31,495.8516746411484,604.5813397129186
Image_17,31,474.7368421052632,601.9438596491228
Image_17,31,474.5,602.275974025974
Image_17,31,496.1950113378685,604.7210884353741
Image_17,31,474.66896551724136,601.9310344827586
Image_17,31,474.7368421052632,601.9438596491228
Image_17,31,526.9141791044776,614.4888059701492
Image_17,31,540.7324041811846,614.2874177313201
Image_17,31,551.5548387096774,613.916129032258
Image_17,31,551.5548387096774,613.916129032258
Image_17,31,531.1085858585859,612.3888888888889
Image_17,31,579.9785407725321,623.8111587982833
Image_17,31,530.6171875,612.6510416666666
Image_17,31,593.978947368421,626.5421052631579
Image_17,31,601.125,629.2708333333334
Image_17,31,593.9064039408867,626.6551724137931
Image_17,31,634.2052631578947,630.8157894736842
Image_17,31,455.896449704142,597.6834319526628
Image_17,31,455.896449704142,597.6834319526628
Image_17,31,455.896449704142,597.6834319526628
Image_17,31,437.5514705882353,592.0183823529412
Image_17,31,420.6579634464752,588.4020887728459
Image_17,31,421.6342592592592,586.7546296296297
Image_17,31,421.6175115207373,586.6589861751152
Image_17,31,421.6175115207373,586.6589861751152
Image_17,31,420.8723404255319,587.483282674772
Image_17,31,420.6579634464752,588.4020887728459
Image_17,31,404.17721518987344,579.6139240506329
Image_17,31,385.79941002949846,572.4660766961651
Image_17,32,478.93617021276594,409.3900709219858
Image_17,32,478.93617021276594,409.3900709219858
Image_17,32,501.30541871921184,414.8226600985222
Image_17,32,449.967032967033,409.6843711843712
Image_17,32,452.63870967741934,403.81935483870967
Image_17,32,436.7224669603525,400.7753303964758
Image_17,32,419.8421052631579,396.8181818181818
Image_17,32,436.7224669603525,400.7753303964758
Image_17,32,436.863436123348,400.6696035242291
Image_17,32,478.5658536585366,409.45365853658535
Image_17,32,482.3529411764706,411.4509803921569
Image_17,32,391.3558189000304,392.359161349134
Image_17,32,402.34583333333336,392.7375
Image_17,32,402.34583333333336,392.7375
Image_17,32,383.9239130434783,389.231884057971
Image_17,32,383.6194029850746,389.07089552238807
Image_17,32,383.6194029850746,389.07089552238807
Image_17,32,368.53409090909093,385.6515151515151
Image_17,32,339.32173913043476,379.45024154589373
Image_17,32,354.86936936936934,382.30968468468467
Image_17,32,323.74782608695654,376.2608695652174
Image_17,32,307.12987012987014,371.3766233766234
Image_17,32,288.71672354948805,367.518771331058
Image_17,32,288.91503267973854,367.3137254901961
Image_17,32,288.91503267973854,367.3137254901961
Image_17,32,286.9038961038961,368.9038961038961
Image_17,32,286.9038961038961,368.9038961038961
Image_17,32,269.4754098360656,363.25
Image_17,32,534.1935788479698,421.3361661945231
Image_17,32,517.0625,418.69711538461536
Image_17,32,550.4567307692307,424.7355769230769
Image_17,32,550.4271844660194,424.63106796116506
Image_17,32,550.4271844660194,424.63106796116506
Image_17,32,579.2827586206896,430.4068965517241
Image_17,32,579.2827586206896,430.4068965517241
Image_17,32,565.2014925373135,427.7276119402985
Image_17,32,595.5816554809843,434.2718120805369
Image_17,32,625.04,440.2133333333333
Image_17,32,610.8360655737705,438.1530054644809
Image_17,32,610.6704545454545,438.0625
Image_17,32,635.8235294117648,442.5
Image_17,32,635.4912280701755,442.1315789473685
Image_17,33,428.50591016548464,165.10401891252954
Image_17,33,428.50591016548464,165.10401891252954
Image_17,33,454.55555555555554,170.8
Image_17,33,454.55555555555554,170.8
Image_17,33,406.5773195876289,160.13917525773195
Image_17,33,454.6398713826367,170.82958199356912
Image_17,33,454.6993670886076,170.83227848101265
Image_17,33,474.3457627118644,176.05084745762713
Image_17,33,474.5082508250825,176.0990099009901
Image_17,33,474.3457627118644,176.05084745762713
Image_17,33,493.6118143459916,179.63291139240508
Image_17,33,524.7837837837837,185.4324324324324
Image_17,33,524.7629310344828,185.54741379310343
Image_17,33,508.79545454545456,183.0568181818182
Image_17,33,539.0666666666667,189.27272727272728
Image_17,33,539.0666666666667,189.27272727272728
Image_17,33,571.9612403100775,197.43410852713177
Image_17,33,571.9612403100775,197.43410852713177
Image_17,33,572.2627450980392,197.3921568627451
Image_17,33,555.6363636363636,193.80861244019135
Image_17,33,590.4022556390977,201.906015037594
Image_17,33,590.4022556390977,201.906015037594
Image_17,33,606.2020202020202,205.8030303030303
Image_17,33,590.3444444444444,201.9
Image_17,33,622.3763796909492,215.98261589403972
Image_17,33,621.9495798319327,209.1932773109244
Image_17,33,627.1586901763225,209.4609571788413
Image_17,33,627.1586901763225,209.4609571788413
Image_17,33,432.59449592811006,159.60909856781802
Image_17,33,374.1771561771562,152.8197358197358
Image_17,33,390.5879120879121,156.51098901098902
Image_17,33,356.2147651006711,147.99664429530202
Image_17,33,356.4966216216216,148.0641891891892
Image_17,33,337.1069182389937,142.30817610062894
Image_17,33,337.0820189274448,142.29652996845425
Image_17,33,337.0820189274448,142.29652996845425
Image_17,33,337.44307692307694,142.37846153846155
Image_17,33,318.5245901639344,139.3016393442623
Image_17,33,318.2939068100358,139.3548387096774
Image_17,33,318.2939068100358,139.3548387096774
Image_17,33,302.2291666666667,136.05
Image_17,33,302.3640350877193,135.87719298245614
Image_17,33,288.2282608695652,133.1304347826087
Image_17,33,259.1938775510204,126.96938775510203
Image_17,33,259.26666666666665,126.94358974358974
Image_17,33,274.7088477366255,131.36111111111111
Image_17,33,259.1938775510204,126.96938775510203
Image_17,33,242.7948717948718,123.6965811965812
Image_17,33,243.17757009345797,123.71028037383178
Image_17,33,243.17757009345797,123.71028037383178
Image_17,33,224.27843137254905,119.67058823529412
Image_17,33,224.30078125,119.703125
Image_17,33,224.30078125,119.703125
Image_17,33,203.64259927797835,114.63537906137184
Image_17,33,203.64259927797835,114.63537906137184
Image_17,33,202.8657718120805,114.51006711409396
Image_17,34,275.0717703349282,495.5574162679426
Image_17,34,255.64222873900292,489.36950146627566
Image_17,34,255.45810055865925,489.6815642458101
Image_17,34,255.45810055865925,489.6815642458101
Image_17,34,275.0717703349282,495.5574162679426
Image_17,34,222.26829268292684,484.602787456446
Image_17,34,222.26297577854672,484.4083044982699
Image_17,34,238.0916030534351,486.01908396946567
Image_17,34,275.7952218430034,492.5460750853242
Image_17,34,222.26297577854672,484.4083044982699
Image_17,34,238.00375939849624,486.18045112781954
Image_17,34,238.00375939849624,486.18045112781954
Image_17,34,275.90909090909093,492.76223776223776
Image_17,34,275.7952218430034,492.5460750853242
Image_17,34,256.1524390243902,484.7317073170732
Image_17,34,277.4707452487721,484.92696989109544
Image_17,34,207.41596638655463,481.6386554621849
Image_17,34,190.68493150684927,478.2808219178082
Image_17,34,190.0495867768595,478.7878787878788
Image_17,34,190.7947259565667,475.5456739055498
Image_17,34,190.65172413793104,478.2931034482759
Image_17,34,190.0495867768595,478.7878787878788
Image_17,34,190.65172413793104,478.2931034482759
Image_17,34,172.90812720848058,473.4134275618375
Image_17,34,155.23376623376623,469.8484848484849
Image_17,34,155.2578125,470.48828125
Image_17,35,58.59947643979058,372.2460732984293
Image_17,35,29.359698681732578,364.2956685499058
Image_17,35,58.59947643979058,372.2460732984293
Image_17,35,57.74468085106383,367.968085106383
Image_17,35,57.8125,364.4147727272728
Image_17,35,57.81132075471698,363.8805031446541
Image_17,36,634.9151193633952,494.684350132626
Image_17,36,601.0845070422536,492.90610328638496
Image_17,36,601.0845070422536,492.90610328638496
Image_17,36,615.7218934911242,495.8639053254438
Image_17,36,615.7218934911242,495.8639053254438
Image_17,36,601.080985915493,491.7218309859155
Image_17,36,634.9151193633952,494.684350132626
Image_17,36,587.775641025641,490.3333333333333
Image_17,36,574.2316715542522,486.8367546432062
Image_17,36,633.7219512195122,500.6682926829269
Image_17,36,633.9007352941177,502.2867647058824
Image_17,36,546.468030690537,480.61125319693093
Image_17,36,560.923322683706,485.1661341853035
Image_17,36,530.0560224089636,478.813725490196
Image_17,36,500.67417840375583,471.5089201877934
Image_17,36,515.6976744186046,475.0503875968992
Image_17,37,445.793388429752,5.471074380165289
Image_17,37,437.9301075268817,4.849462365591398
Image_17,37,453.2611111111111,6.038888888888889
Image_17,37,421.283185840708,3.336283185840708
Image_17,37,469.2135231316726,10.185053380782918
Image_17,37,469.0711743772242,10.373665480427048
Image_17,37,492.55172413793105,15.49808429118774
Image_17,37,514.1607142857143,20.761904761904763
Image_17,37,543.0977443609023,30.06766917293233
Image_17,37,542.5714285714286,29.044642857142858
Image_17,38,35.4171270718232,282.3922651933702
Image_17,38,54.98165137614679,285.8761467889908
Image_17,38,54.1614730878187,290.2889518413598
Image_17,38,15.584070796460177,276.20648967551625
Image_17,38,54.81069958847737,286.8971193415638
Image_17,38,54.1614730878187,290.2889518413598
Image_17,38,69.11164701679171,291.50643086816723
Image_17,38,2.8499127399650956,270.2792321116928
Image_17,38,16.28515625,276.2265625
Image_17,38,35.22692307692308,281.53846153846155
Image_17,38,35.22692307692308,281.53846153846155
Image_17,38,35.18076923076923,281.48846153846154
Image_17,38,86.51515151515152,298.54545454545456
Image_17,38,72.54710144927536,289.9673913043478
Image_17,38,72.05747126436782,289.3448275862069
Image_17,39,302.6608695652174,272.51014492753626
Image_17,39,286.1555555555556,266.05185185185184
Image_17,39,323.5541401273885,274.1656050955414
Image_17,39,324.48578199052133,278.4612954186414
Image_17,39,277.2051282051282,267.35897435897436
Image_17,39,304.92957746478874,271.1455399061033
Image_17,39,304.92957746478874,271.1455399061033
Image_17,39,245.8312101910828,266.0509554140127
Image_17,39,305.41584158415844,271.41089108910893
Image_17,39,338.6279069767442,277.29612403100776
Image_17,39,367.8691756272401,282.0089605734767
Image_17,39,353.10014947683106,280.1943198804185
Image_17,39,380.93908629441626,284.76142131979697
Image_17,39,397.88461538461536,289.2644230769231
Image_17,39,417.2284263959391,294.65989847715736
Image_17,39,437.0990566037736,299.60849056603774
Image_17,39,470.68097281831183,309.4570815450644
Image_17,39,455.45679012345676,302.53350970017635
Image_17,39,488.43697478991595,308.0952380952381
Image_17,39,516.8888888888889,314.87179487179486
Image_17,39,503.63768115942025,310.9399585921325
Image_17,39,532.1418344519016,316.4434004474273
Image_17,39,556.5119047619047,324.95714285714286
Image_17,39,566.7571251548947,313.5080545229244
Image_17,39,550.6850490196077,308.93014705882354
Image_17,39,581.797520661157,318.9586776859504
Image_17,39,598.1220930232558,321.05232558139534
Image_17,39,581.7918367346939,318.9061224489796
Image_17,39,536.1507936507936,306.1031746031746
Image_17,39,520.1459854014598,302.73722627737226
Image_17,39,612.8536036036036,323.7184684684684
Image_17,39,631.078947368421,327.390977443609
Image_17,39,631.078947368421,327.390977443609
Image_17,39,630.9963099630996,327.4870848708487
Image_17,39,543.8800705467372,322.4232804232804
Image_17,39,569.7838541666666,327.2942708333333
Image_17,39,583.3963369963369,327.9358974358974
Image_17,39,601.7733952049497,340.79195668986847
Image_17,39,622.1437908496732,340.6732026143791
Image_17,39,635.5471698113207,344.33962264150944
Image_17,39,581.9617834394904,340.11464968152865
Image_17,39,582.0314465408806,340.1635220125786
Image_17,39,635.5471698113207,344.33962264150944
Image_17,39,622.1883116883117,340.6818181818182
Image_17,39,581.9617834394904,340.11464968152865
Image_17,39,612.5540229885057,348.9793103448276
Image_17,39,563.6994301994301,336.94444444444446
Image_17,39,546.2019230769231,334.96153846153845
Image_17,39,513.7316017316017,320.98577612863323
Image_17,39,495.1435523114354,321.0413625304136
Image_17,39,482.00330033003297,319.38613861386136
Image_17,39,454.29038854805725,314.7075664621677
Image_17,39,439.57236842105266,311.92324561403507
Image_17,39,422.4850299401198,307.99201596806387
Image_17,39,390.6034482758621,299.36206896551727
Image_17,39,406.5711892797319,304.44053601340033
Image_17,39,370.7978142076503,295.1857923497268
Image_17,39,370.75,295.2010869565217
Image_17,39,267.4868421052632,271.55263157894734
Image_17,39,224.546875,263.15625
Image_17,39,226.67239404352804,263.7434135166094
Image_17,39,222.65714285714284,263.6228571428572
Image_17,39,193.79107312440644,263.66334283000947
Image_17,39,193.4093959731544,255.48322147651007
Image_17,39,299.85227272727275,281.5113636363636
Image_17,40,80.63582089552239,600.5373134328358
Image_17,40,49.7054794520548,592.9520547945206
Image_17,40,110.0127659574468,608.5404255319149
Image_17,40,95.46153846153848,603.5846153846154
Image_17,40,81.1011673151751,600.5603112840467
Image_17,40,110.06493506493509,608.5887445887446
Image_17,40,95.42926829268292,603.590243902439
Image_17,40,65.71951219512195,596.0081300813008
Image_17,40,49.68771929824561,592.9929824561403
Image_17,40,20.005,585.18
Image_17,40,33.45851528384279,587.4323144104803
Image_17,40,20.030150753768844,585.1809045226131
Image_17,40,33.48068669527897,587.4206008583691
Image_17,40,33.45851528384279,587.4323144104803
Image_17,40,81.04633204633204,600.4054054054054
Image_17,40,6.068807339449541,583.3761467889908
Image_17,40,6.078341013824885,583.3364055299539
Image_17,40,124.6904761904762,612.5238095238095
Image_17,40,152.38725490196077,617.4313725490196
Image_17,40,152.5092936802974,617.7769516728624
Image_17,40,152.48292682926828,617.5073170731707
Image_17,40,152.5092936802974,617.7769516728624
Image_17,40,137.44658944658943,615.0540540540541
Image_17,40,152.48292682926828,617.5073170731707
Image_17,40,182.55450236966823,623.1327014218009
Image_17,40,167.49766899766897,620.0524475524476
Image_17,40,197.5,627.4507042253521
Image_17,40,209.84313725490193,630.9366515837104
Image_17,40,222.0193548387097,632.3032258064516
Image_17,40,235.3148148148148,634.2314814814815
Image_17,40,250.31978319783198,634.5650406504066
Image_17,40,235.16949152542367,634.1271186440678
Image_17,40,269.6460481099656,633.6666666666666
Image_17,40,285.51020408163265,633.5204081632653
Image_17,40,304.21014492753625,636.6400966183575
Image_17,41,251.8440366972477,19.4434250764526
Image_17,41,268.80176211453744,22.96035242290749
Image_17,41,233.62403100775197,14.48062015503876
Image_17,41,258.75115511551155,20.93135313531353
Image_17,41,284.537037037037,27.30555555555556
Image_17,41,251.22727272727272,19.40909090909091
Image_17,41,233.61811023622047,14.381889763779528
Image_17,41,233.61811023622047,14.381889763779528
Image_17,41,251.8440366972477,19.4434250764526
Image_17,41,251.260663507109,19.04739336492891
Image_17,41,213.98611111111111,9.78472222222222
Image_17,41,213.9283154121864,9.835125448028672
Image_17,41,188.84415584415584,4.957792207792208
Image_17,41,235.44017094017093,11.232905982905983
Image_17,41,185.41990049751243,4.736815920398009
Image_17,41,299.6143497757848,31.623318385650222
Image_17,41,314.7909604519774,34.03954802259887
Image_17,41,299.65727699530515,31.497652582159624
Image_17,41,330.0330188679245,37.31132075471698
Image_17,41,330.1893203883496,37.40291262135922
Image_17,41,359.7048832271762,44.76326963906582
Image_17,41,344.84313725490193,40.76470588235294
Image_17,41,375.2212765957447,48.327659574468086
Image_17,41,404.81,56.965
Image_17,41,404.90452261306535,57.07537688442211
Image_17,41,404.81,56.965
Image_17,41,404.8223350253807,56.96446700507615
Image_17,41,390.7956403269755,52.49772933696639
Image_17,41,419.5891089108911,60.98514851485149
Image_17,41,437.12080536912754,64.3255033557047
Image_17,41,437.0341296928328,64.60750853242321
Image_17,41,437.12080536912754,64.3255033557047
Image_17,42,177.0125,343.628125
Image_17,42,195.19032597266033,346.2450052576235
Image_17,42,209.58736559139783,349.1559139784946
Image_17,42,177.0125,343.628125
Image_17,42,178.32553874369555,346.4488766620816
Image_17,42,223.3939393939394,352.3686868686869
Image_17,42,177.05750798722045,343.555910543131
Image_17,43,334.56112852664575,262.9341692789969
Image_17,43,339.7758620689655,263.3333333333333
Image_17,43,358.2246696035242,267.6916299559471
Image_17,43,339.7758620689655,263.3333333333333
Image_17,43,374.9157088122605,271.1800766283525
Image_17,43,388.65796019900495,273.5820895522388
Image_17,43,402.5393419170243,275.93705293276105
Image_17,43,416.015873015873,278.93518518518516
Image_17,43,431.394578313253,283.57329317269074
Image_17,43,449.9064039408867,287.4088669950739
Image_17,43,468.0220588235294,290.91053921568624
Image_17,43,485.6020408163265,294.09183673469386
Image_17,43,450.1010101010101,287.33838383838383
Image_17,44,96.4346405228758,455.8790849673202
Image_17,44,73.45918367346938,450.5408163265306
Image_17,44,97.38167938931298,457.3664122137404
Image_17,44,97.38167938931298,457.3664122137404
Image_17,45,128.37328767123287,161.8458904109589
Image_17,45,95.33031674208144,160.98642533936652
Image_17,45,95.2877358490566,161.0188679245283
Image_17,45,113.0,165.80208333333334
Image_17,45,111.4942084942085,165.03861003861005
Image_17,45,72.32463768115942,155.983768115942
Image_17,45,128.30313588850174,161.71428571428572
Image_17,45,51.282051282051285,152.56410256410257
Image_17,45,37.69871794871795,150.05128205128204
Image_17,45,23.25531914893617,147.5
Image_17,45,37.70322580645161,150.05161290322582
Image_17,45,37.70322580645161,150.05161290322582
Image_17,46,84.69454545454545,102.67636363636365
Image_17,46,116.72067039106145,110.83798882681565
Image_17,46,116.63128491620112,110.77653631284916
Image_17,46,100.97368421052632,107.04736842105264
Image_17,46,66.11363636363636,98.27272727272728
Image_17,46,66.08181818181818,98.27727272727272
Image_17,46,101.00523560209425,107.0785340314136
Image_17,46,84.57509157509158,102.51282051282053
Image_17,46,84.6268656716418,102.45522388059702
Image_17,46,84.57509157509158,102.51282051282053
Image_17,46,108.59113796576031,100.37361530715005
Image_17,46,141.91525423728814,99.87005649717514
Image_17,46,141.27234042553192,99.14468085106382
Image_17,46,117.8653846153846,91.96153846153848
Image_17,46,128.91705069124424,94.25499231950845
Image_17,46,96.10714285714286,86.56428571428572
Image_17,46,85.38732394366197,83.69014084507042
Image_17,46,74.76190476190476,81.04761904761905
Image_17,46,85.38732394366197,83.69014084507042
Image_17,46,85.45736434108527,83.68992248062015
Image_17,46,63.185483870967744,78.7768817204301
Image_17,46,33.90312876052948,65.64981949458483
Image_17,46,48.94634146341463,74.09756097560975
Image_17,46,31.1255230125523,67.89539748953975
Image_17,46,32.095238095238095,80.09523809523809
Image_17,46,18.854166666666664,75.9375
Image_17,46,14.0,63.125
Image_17,46,13.942307692307692,63.40384615384615
Image_17,46,11.282352941176471,65.84248366013071
Image_17,46,68.52688172043011,66.12903225806451
Image_17,46,55.49287749287749,62.15669515669516
Image_17,46,30.49264705882353,54.44117647058823
Image_17,46,4.360433604336043,47.97831978319783
Image_17,46,16.106060606060606,50.696969696969695
Image_17,46,36.22962962962963,91.8074074074074
Image_17,46,49.10606060606061,94.9141414141414
Image_17,46,22.50056497175141,88.67457627118644
Image_17,46,9.274213836477987,84.6251572327044
Image_17,47,600.9854545454546,574.04
Image_17,47,583.7738095238095,567.2678571428571
Image_17,47,600.9854545454546,574.04
Image_17,47,600.9117647058823,574.2536764705883
Image_17,48,614.3454545454546,48.334545454545456
Image_17,48,594.204081632653,42.0530612244898
Image_17,48,594.204081632653,42.0530612244898
Image_17,48,594.2862903225806,42.04838709677419
Image_17,48,633.0818713450292,52.59064327485381
Image_17,48,614.3454545454546,48.334545454545456
Image_17,48,614.4175824175824,48.3956043956044
Image_17,49,171.47970479704796,182.6678966789668
Image_17,49,156.6951871657754,176.49197860962568
Image_17,49,189.1,182.5
Image_17,50,535.9442379182157,629.9256505576208
Image_17,50,552.5,636.4583333333334
Image_17,50,535.9442379182157,629.9256505576208
Image_17,50,535.7547169811321,629.7698113207547
Image_17,50,580.7981220657277,636.3661971830986
Image_17,50,613.5,638.5
Image_17,51,118.7406015037594,631.0639097744361
Image_17,51,136.71680216802167,633.890243902439
Image_17,51,101.1355421686747,626.832329317269
Image_17,51,86.78461538461538,623.3948717948718
Image_17,51,63.695402298850574,616.7724137931034
Image_17,51,55.29064039408867,614.6995073891626
Image_17,51,71.57798165137615,618.6605504587156
Image_17,51,118.69924812030077,631.1127819548872
Image_17,51,118.69924812030077,631.1127819548872
Image_17,51,71.57798165137615,618.6605504587156
Image_17,51,38.10480349344978,611.056768558952
Image_17,51,38.10480349344978,611.056768558952
Image_17,51,19.959183673469383,606.5428571428571
Image_17,51,19.951807228915666,606.4779116465863
Image_17,51,3.4527131782945735,601.9271317829457
Image_17,52,432.4923076923077,611.2961538461539
Image_17,52,450.84827044025155,616.5180817610062
Image_17,52,482.59554140127386,622.3365180467091
Image_17,52,467.1022727272728,620.0965909090909
Image_17,52,467.0514285714286,620.1828571428572
Image_17,52,477.4851898206091,620.7530246141009
Image_17,52,433.1794871794872,610.3128205128205
Image_17,53,427.44357976653697,440.0933852140078
Image_17,53,423.304984423676,440.4208722741433
Image_17,53,427.55378486055776,440.0836653386454
Image_17,54,392.802371541502,34.26482213438735
Image_17,54,424.9732142857143,42.973214285714285
Image_17,54,424.8648648648648,43.067567567567565
Image_17,54,374.3796296296296,30.84722222222222
Image_17,54,409.3134328358209,38.60199004975125
Image_17,54,424.8648648648648,43.067567567567565
Image_17,54,374.3783783783784,31.00900900900901
Image_17,54,345.5492957746479,22.58450704225352
Image_17,54,392.9515418502203,34.17621145374449
Image_17,55,628.204347826087,91.81304347826088
Image_17,55,612.6927083333334,87.02604166666667
Image_17,55,612.7435897435897,86.98461538461538
Image_17,55,600.802962962963,82.65481481481481
Image_17,55,612.7113402061856,86.98969072164948
Image_17,55,587.9138321995465,79.66666666666667
Image_17,55,628.1946902654868,91.84513274336284
Image_17,55,573.6124595469255,76.85598705501617
Image_17,55,559.0833333333334,74.04861111111111
Image_17,55,539.5892857142857,73.08928571428571
Image_17,55,544.229232386961,70.66982124079915
Image_17,56,37.73362445414847,524.7772925764192
Image_17,56,57.96343402225755,524.8383677795442
Image_17,56,17.843373493975903,520.3815261044176
Image_17,56,3.1293859649122804,517.5657894736842
Image_17,56,89.89696969696969,537.3454545454546
Image_17,56,115.45714285714286,546.6904761904761
Image_17,56,73.92675635276531,532.9686098654709
Image_17,56,115.88976377952756,546.8661417322835
Image_17,56,103.10796221322536,542.2334682860999
Image_17,56,133.29383886255926,543.8009478672985
Image_17,56,161.14705882352942,552.3941176470588
Image_17,56,155.97169811320754,542.0943396226415
Image_17,56,173.0810810810811,546.2477477477477
Image_17,56,203.91573033707863,554.5168539325842
Image_17,56,203.33333333333331,554.265625
Image_17,56,225.04060913705584,560.1573604060914
Image_17,56,225.33333333333331,560.2373737373738
Image_17,56,143.22535211267606,550.6760563380282
Image_17,57,614.9634703196347,6.091324200913242
Image_17,57,600.2857142857143,4.526315789473684
Image_17,57,615.1764705882352,6.176470588235294
Image_17,57,629.2352941176471,8.141176470588235
Image_17,57,629.2352941176471,8.141176470588235
Image_17,57,615.1764705882352,6.176470588235294
Image_17,58,296.0509259259259,11.34722222222222
Image_17,58,269.6267848350566,5.580502215657312
Image_17,58,278.3724489795918,6.561224489795919
Image_17,58,296.0607476635514,11.397196261682245
Image_17,59,364.2697674418605,592.9953488372093
Image_17,59,335.5433526011561,585.3872832369942
Image_17,59,349.93650793650795,589.7063492063492
Image_17,59,364.2697674418605,592.9953488372093
Image_17,59,307.9504950495049,577.5742574257425
Image_17,59,311.67031963470316,583.7584474885845
Image_17,59,364.69343477035784,584.946182023105
Image_17,59,281.02985074626866,571.4328358208955
Image_17,59,280.8712121212121,571.3333333333334
Image_17,59,265.1653543307087,568.7401574803149
Image_17,60,4.224390243902439,187.2292682926829
Image_17,60,38.24242424242424,187.45454545454547
Image_17,60,18.317730496453898,183.94893617021276
Image_17,61,5.55050505050505,206.34848484848484
Image_17,61,33.895981087470446,211.69385342789596
Image_17,61,53.87140115163148,211.69353806781828
Image_17,61,9.748971193415636,200.61760050648937
Image_17,61,61.69512195121951,220.95731707317077
Image_17,61,77.26815642458101,224.7877094972067
Image_17,61,77.26815642458101,224.7877094972067
Image_17,61,77.26815642458101,224.7877094972067
Image_17,61,94.71676300578036,228.90173410404623
Image_17,61,95.06122448979592,229.17857142857144
Image_17,61,112.91891891891892,234.51351351351352
Image_17,61,78.5071225071225,213.9116809116809
Image_17,61,48.56761904761904,201.79047619047617
Image_17,61,19.418803418803417,194.75213675213675
Image_17,62,192.7765363128492,224.12290502793297
Image_17,62,225.83333333333331,231.49250936329588
Image_17,62,168.5749063670412,220.87265917602994
Image_17,63,30.44516129032258,132.98709677419356
Image_17,63,61.4390243902439,138.9430894308943
Image_17,63,74.55681818181819,141.38636363636363
Image_17,63,87.06890130353817,145.0558659217877
Image_17,63,100.4436090225564,147.50375939849624
Image_17,64,32.45695364238411,632.1986754966888
Image_17,64,59.25242718446602,635.0485436893204
Image_17,64,4.008928571428571,626.9910714285714
Image_17,64,32.45695364238411,632.1986754966888
Image_17,64,46.35909822866344,633.2141706924315
Image_17,64,17.6,629.4
Image_17,64,17.6,629.4
Image_17,64,10.531927357937901,630.4891622729936
Image_17,64,73.0,636.4923076923077
Image_17,64,80.3529411764706,636.5798319327731
Image_17,65,536.0939597315436,465.5436241610738
Image_17,65,503.3692307692308,458.5179487179487
Image_17,65,554.9380341880342,468.7158119658119
Image_17,65,518.0971524288107,462.0284757118927
Image_17,65,588.3311546840958,475.80827886710233
Image_17,65,570.7972709551657,472.49902534113056
Image_17,66,379.6689189189189,343.72972972972974
Image_17,66,413.5576619273301,349.172195892575
Image_17,66,397.34162520729683,346.24543946932005
Image_17,66,430.7464114832536,351.84370015948963
Image_17,66,463.74213836477986,358.82599580712787
Image_17,67,148.85034013605443,223.26530612244895
Image_17,67,148.85034013605443,223.26530612244895
Image_17,67,177.25287356321837,233.7405582922824
Image_17,68,61.05925925925926,111.57037037037036
Image_17,68,38.78929315202744,111.4476295479603
Image_17,68,77.5392156862745,115.72941176470589
Image_17,68,107.8867924528302,122.41509433962264
Image_17,69,466.0692307692308,421.04615384615386
Image_17,69,497.79669030732856,428.6903073286052
Image_17,69,483.2716049382716,424.94444444444446
Image_17,69,510.89130434782606,431.6231884057971
Image_17,69,522.5227686703096,433.55919854280506
Image_17,69,535.2020202020201,435.5530303030303
Image_17,69,546.4697855750487,438.62573099415204
Image_17,69,561.3869918699187,441.03577235772354
Image_17,69,594.3971962616822,447.85981308411215
Image_17,69,577.6813922356091,444.194109772423
Image_17,69,624.6216216216217,455.1621621621622
Image_17,69,636.2513227513226,457.58994708994703
Image_17,70,156.57364341085272,85.91472868217055
Image_17,70,182.4718309859155,97.72300469483568
Image_17,70,201.08417508417506,101.66666666666667
Image_17,70,151.8179012345679,87.73302469135803
Image_17,71,65.55,267.83
Image_17,71,52.40837696335078,264.5602094240838
Image_17,71,37.65323565323565,262.84249084249086
Image_17,71,79.34814814814814,271.30740740740737
Image_17,71,22.310526315789474,258.4526315789474
Image_17,71,9.280060882800608,255.57229832572295
Image_17,72,307.173835125448,328.40143369175627
Image_17,72,275.2011019283746,325.8512396694215
Image_17,72,290.79756468797564,325.4870624048706
Image_17,72,274.7548209366391,318.3719008264463
