Nb_Ring,Ring,Earlywood,Latewood,E/L_ratio,Nb_FRing,Num_FRing,FRing,lumen_area,Equivalent_Diameter,2P_thickness,Tile_ID,Image
1,4050.1,3984.3,65.8,0.9837534876,0,1,0,117.4380881,12.22811587,0,Image_0,PB1
2,5304.3,5221.8,82.5,0.9844465811,1,2,"193,6",333.9645631,20.62078777,NA,Image_0,PB1
3,5906.6,5443,463.6,0.9215115295,2,3,"151,2",198.1767737,15.88478848,NA,Image_0,PB1
4,5370.8,5273.1,97.7,0.9818090415,2,4,"166,4",348.6443241,21.06911817,NA,Image_0,PB1
5,3697.7,3070.9,626.8,0.830489223,3,5,"240,7",35.967888,6.767254786,4.042785495,Image_0,PB1
6,3468.1,3037.6,430.5,0.8758686312,3,6,"258,4",87,10.52482021,0,Image_0,PB1
7,2736.8,2581.1,155.7,0.9431087401,2,7,"254,05",131,12.91488987,7.124355744,Image_0,PB1
8,1426.6,1325.9,100.7,0.9294125894,2,8,"122,7",22.071204,5.301125327,NA,Image_0,PB1
9,736.6,661.7,74.9,0.8983165897,1,9,"129,4",109,11.78062436,3.078405748,Image_0,PB1
10,690.7,611.1,79.6,0.8847545968,2,10,"263,5",11.716812,3.862422605,NA,Image_0,PB1
11,898.1,848,50.1,0.9442155662,3,11,"423,3",76,9.836981519,NA,Image_0,PB1
12,788.9,596.8,192.1,0.7564963874,2,12,"339,8",43.052472,7.403790235,7.5151E-01,Image_0,PB1
,,,,,,13,"227,6",53.679348,8.267204401,0,Image_0,PB1
,,,,,,14,"235,8",38.692728,7.018910983,8.82603E-01,Image_0,PB1
,,,,,,15,"251,5",66.486096,9.200691637,0,Image_0,PB1
,,,,,,16,"109,3",178,15.05445578,0,Image_0,PB1
,,,,,,17,"135,8",58.71904405,8.646583656,5.600877165,Image_0,PB1
,,,,,,18,"191,7",17.71146,4.748782082,0,Image_0,PB1
,,,,,,19,"205,4",168,14.62546558,0,Image_0,PB1
,,,,,,20,134,44.95986,7.566020862,3.64703E-01,Image_0,PB1
,,,,,,21,80,124.525188,12.59167954,0,Image_0,PB1
,,,,,,22,94,171,14.75547228,0,Image_0,PB1
,,,,,,23,"57,5",228,17.03815178,0,Image_0,PB1
,,,,,,,,218,16.66031875,3.908288275,Image_0,PB1
,,,,,,,,22.343688,5.333747945,12.18486744,Image_0,PB1
,,,,,,,,19.07388,4.928044063,11.76035858,Image_0,PB1
,,,,,,,,28.61082,6.035596692,0,Image_0,PB1
,,,,,,,,91.74850633,10.80822957,NA,Image_1,PB1
,,,,,,,,278.9154593,18.84479218,0,Image_1,PB1
,,,,,,,,348.6443241,21.06911817,0,Image_1,PB1
,,,,,,,,165.1473114,14.50076162,NA,Image_1,PB1
,,,,,,,,30.245724,6.205646772,0,Image_1,PB1
,,,,,,,,94,10.94004192,4.861834139,Image_1,PB1
,,,,,,,,26.703432,5.83094037,2.295087475,Image_1,PB1
,,,,,,,,2,1.595769122,1.845989911,Image_1,PB1
,,,,,,,,256,18.05406667,0,Image_1,PB1
,,,,,,,,31,6.282549314,NA,Image_1,PB1
,,,,,,,,49,7.89865417,4.264539758,Image_1,PB1
,,,,,,,,66.75858,9.219526235,3.399359118,Image_1,PB1
,,,,,,,,48.774636,7.880469233,7.32926E-01,Image_1,PB1
,,,,,,,,224,16.88803298,5.398966008,Image_1,PB1
,,,,,,,,37.330308,6.894231238,5.011819421,Image_1,PB1
,,,,,,,,14.67976101,4.323291828,4.572476839,Image_1,PB1
,,,,,,,,93,10.88169461,0,Image_1,PB1
,,,,,,,,16.894008,4.637900285,9.65132E-01,Image_1,PB1
,,,,,,,,66,9.166995688,3.162769221,Image_1,PB1
,,,,,,,,201,15.9975357,0,Image_1,PB1
,,,,,,,,53.13438,8.225131841,5.312101457,Image_1,PB1
,,,,,,,,148,13.72732504,1.955835777,Image_1,PB1
,,,,,,,,57.766608,8.576172204,0,Image_1,PB1
,,,,,,,,341,20.8368588,0,Image_1,PB1
,,,,,,,,134,13.0619332,0,Image_1,PB1
,,,,,,,,88,10.58513486,0,Image_1,PB1
,,,,,,,,267,18.43786751,0,Image_1,PB1
,,,,,,,,132,12.96408963,4.31925E-02,Image_1,PB1
,,,,,,,,71.663292,9.552200651,0,Image_1,PB1
,,,,,,,,69,9.373021316,0,Image_1,PB1
,,,,,,,,130,12.86550197,0,Image_1,PB1
,,,,,,,,149,13.77362306,0,Image_1,PB1
,,,,,,,,107,11.67204486,0,Image_1,PB1
,,,,,,,,344.9743838,20.95793471,NA,Image_2,PB1
,,,,,,,,140,13.35116236,8.56558E-01,Image_2,PB1
,,,,,,,,65.668644,9.143955074,0,Image_2,PB1
,,,,,,,,94,10.94004192,0,Image_2,PB1
,,,,,,,,135,13.11058117,0,Image_2,PB1
,,,,,,,,348.6443241,21.06911817,4.399730551,Image_2,PB1
,,,,,,,,47.412216,7.769627296,0,Image_2,PB1
,,,,,,,,108,11.72646029,0,Image_2,PB1
,,,,,,,,168,14.62546558,0,Image_2,PB1
,,,,,,,,68.393484,9.331735553,5.517913519,Image_2,PB1
,,,,,,,,139,13.30339418,5.174057563,Image_2,PB1
,,,,,,,,44.142408,7.496923333,0,Image_2,PB1
,,,,,,,,230,17.11271736,0,Image_2,PB1
,,,,,,,,245,17.66192765,0,Image_2,PB1
,,,,,,,,12,3.908820095,0,Image_2,PB1
,,,,,,,,197,15.83755632,0,Image_2,PB1
,,,,,,,,119.89296,12.35526033,0,Image_2,PB1
,,,,,,,,54.769284,8.350713636,4.023728136,Image_2,PB1
,,,,,,,,34.877952,6.663931852,5.11281361,Image_2,PB1
,,,,,,,,172,14.79855404,0,Image_2,PB1
,,,,,,,,109,11.78062436,0,Image_2,PB1
,,,,,,,,296,19.41336924,0,Image_2,PB1
,,,,,,,,289.92528,19.21312914,0,Image_2,PB1
,,,,,,,,337.6345033,20.73377923,0,Image_2,PB1
,,,,,,,,54.224316,8.309063931,4.159573423,Image_2,PB1
,,,,,,,,42.779988,7.380323329,4.168773485,Image_2,PB1
,,,,,,,,49.592088,7.946232286,1.909798867,Image_2,PB1
,,,,,,,,48,7.81764019,NA,Image_2,PB1
,,,,,,,,27.2484,5.890139252,9.397344128,Image_2,PB1
,,,,,,,,42.779988,7.380323329,0,Image_2,PB1
,,,,,,,,112,11.94164264,0,Image_3,PB1
,,,,,,,,41.690052,7.285699886,8.39428E-01,Image_3,PB1
,,,,,,,,43.869924,7.473748863,2.364827959,Image_3,PB1
,,,,,,,,66.486096,9.200691637,4.71907E-01,Image_3,PB1
,,,,,,,,47.139732,7.74726861,8.42218E-01,Image_3,PB1
,,,,,,,,71.118324,9.515811183,0,Image_3,PB1
,,,,,,,,268,18.47236309,0,Image_3,PB1
,,,,,,,,154,14.00281721,0,Image_3,PB1
,,,,,,,,34.605468,6.637849827,2.234639614,Image_3,PB1
,,,,,,,,117.713088,12.24242454,0,Image_3,PB1
,,,,,,,,180,15.13879513,0,Image_3,PB1
,,,,,,,,54.4968,8.329914815,0,Image_3,PB1
,,,,,,,,34.877952,6.663931852,0,Image_3,PB1
,,,,,,,,173,14.84151075,0,Image_3,PB1
,,,,,,,,62.126352,8.893915231,0,Image_3,PB1
,,,,,,,,241,17.51715531,0,Image_3,PB1
,,,,,,,,31.33566,6.31647065,5.030457895,Image_3,PB1
,,,,,,,,29.155788,6.092807419,5.73184E-01,Image_3,PB1
,,,,,,,,13,4.068428945,0,Image_3,PB1
,,,,,,,,108,11.72646029,5.43155E-01,Image_3,PB1
,,,,,,,,28.065852,5.977838457,4.774417712,Image_3,PB1
,,,,,,,,88,10.58513486,0,Image_3,PB1
,,,,,,,,29.700756,6.149485917,NA,Image_3,PB1
,,,,,,,,52.044444,8.140334403,0,Image_3,PB1
,,,,,,,,209,16.31278838,0,Image_3,PB1
,,,,,,,,47.412216,7.769627296,2.023862308,Image_3,PB1
,,,,,,,,29.97324,6.177630165,0,Image_3,PB1
,,,,,,,,232,17.18695943,0,Image_3,PB1
,,,,,,,,34.0605,6.585375882,0,Image_3,PB1
,,,,,,,,188,15.47155566,1.72262E-01,Image_3,PB1
,,,,,,,,46.32228,7.679801996,7.794231781,Image_3,PB1
,,,,,,,,39.782664,7.117082338,NA,Image_3,PB1
,,,,,,,,213,16.46815178,0,Image_3,PB1
,,,,,,,,35.695404,6.741572512,7.445538379,Image_3,PB1
,,,,,,,,40.055148,7.141414314,0,Image_3,PB1
,,,,,,,,323,20.27945692,0,Image_4,PB1
,,,,,,,,173,14.84151075,2.35001E-01,Image_4,PB1
,,,,,,,,52.589412,8.182842965,0,Image_4,PB1
,,,,,,,,275,18.71205159,2.589130507,Image_4,PB1
,,,,,,,,49.04712,7.902451059,8.19258E-01,Image_4,PB1
,,,,,,,,268,18.47236309,3.976421111,Image_4,PB1
,,,,,,,,93.189528,10.89277707,0,Image_4,PB1
,,,,,,,,101,11.34007028,0,Image_4,PB1
,,,,,,,,241,17.51715531,2.026354847,Image_4,PB1
,,,,,,,,117,12.20528684,8.088114279,Image_4,PB1
,,,,,,,,70.028388,9.442611548,0,Image_4,PB1
,,,,,,,,252,17.91246396,0,Image_4,PB1
,,,,,,,,152,13.91159268,0,Image_4,PB1
,,,,,,,,50.682024,8.033078934,0,Image_4,PB1
,,,,,,,,180,15.13879513,3.289735013,Image_4,PB1
,,,,,,,,62.67132,8.93283846,0,Image_4,PB1
,,,,,,,,163,14.40618082,0,Image_4,PB1
,,,,,,,,34.332984,6.611664913,2.14996676,Image_4,PB1
,,,,,,,,55.314252,8.392156638,3.543420104,Image_4,PB1
,,,,,,,,71.663292,9.552200651,7.385869329,Image_4,PB1
,,,,,,,,2.179872,1.665982963,0,Image_4,PB1
,,,,,,,,160,14.27299293,0,Image_4,PB1
,,,,,,,,105,11.56244577,0,Image_4,PB1
,,,,,,,,52.589412,8.182842965,3.518668806,Image_4,PB1
,,,,,,,,28.61082,6.035596692,1.257453159,Image_4,PB1
,,,,,,,,61.036416,8.815553217,1.431507875,Image_4,PB1
,,,,,,,,91.009656,10.76462229,3.296350072,Image_4,PB1
,,,,,,,,147,13.68087033,0,Image_4,PB1
,,,,,,,,162,14.36192209,0,Image_5,PB1
,,,,,,,,46.32228,7.679801996,NA,Image_5,PB1
,,,,,,,,52,8.13685789,NA,Image_5,PB1
,,,,,,,,4.904712,2.498974444,NA,Image_5,PB1
,,,,,,,,60,8.740387445,NA,Image_5,PB1
,,,,,,,,56,8.444016491,5.35555E-01,Image_5,PB1
,,,,,,,,137.876904,13.24954061,5.396351965,Image_5,PB1
,,,,,,,,132,12.96408963,0,Image_5,PB1
,,,,,,,,82.835136,10.26980871,NA,Image_5,PB1
,,,,,,,,53.679348,8.267204401,2.955690127,Image_5,PB1
,,,,,,,,187,15.43035304,8.516387796,Image_5,PB1
,,,,,,,,7.357068,3.060606135,4.912478131,Image_5,PB1
,,,,,,,,86,10.46415791,2.929408692,Image_5,PB1
,,,,,,,,38.14776,6.96930675,8.31116E-01,Image_5,PB1
,,,,,,,,168,14.62546558,0,Image_5,PB1
,,,,,,,,114,12.04779267,2.751865855,Image_5,PB1
,,,,,,,,10.354392,3.630925689,0,Image_5,PB1
,,,,,,,,361,21.43920417,NA,Image_5,PB1
,,,,,,,,5.177196,2.567452176,8.158556144,Image_5,PB1
,,,,,,,,34,6.579524642,9.563055329,Image_5,PB1
,,,,,,,,25.88598,5.740997595,9.291579942,Image_5,PB1
,,,,,,,,38.14776,6.96930675,0,Image_5,PB1
,,,,,,,,181,15.1807891,0,Image_5,PB1
,,,,,,,,16.34904,4.562482246,NA,Image_6,PB1
,,,,,,,,30,6.180387232,NA,Image_6,PB1
,,,,,,,,22.888656,5.398401795,4.290429171,Image_6,PB1
,,,,,,,,14,4.222008246,NA,Image_6,PB1
,,,,,,,,269,18.50679436,NA,Image_6,PB1
,,,,,,,,34.0605,6.585375882,NA,Image_6,PB1
,,,,,,,,32.425596,6.425383342,0,Image_6,PB1
,,,,,,,,108,11.72646029,0,Image_6,PB1
,,,,,,,,212,16.42944867,0,Image_6,PB1
,,,,,,,,177,15.01210843,1.797850641,Image_6,PB1
,,,,,,,,77.930424,9.961129332,0,Image_6,PB1
,,,,,,,,301,19.57664688,NA,Image_6,PB1
,,,,,,,,44.414892,7.520026388,2.305089737,Image_6,PB1
,,,,,,,,31.880628,6.371159728,4.11475E-01,Image_6,PB1
,,,,,,,,206,16.19528778,0,Image_6,PB1
,,,,,,,,239,17.44431859,0,Image_6,PB1
,,,,,,,,51.226992,8.076152052,0,Image_6,PB1
,,,,,,,,214,16.50676415,2.404754827,Image_6,PB1
,,,,,,,,199,15.917747,0,Image_6,PB1
,,,,,,,,147,13.68087033,0,Image_6,PB1
,,,,,,,,114,12.04779267,6.21779E-01,Image_6,PB1
,,,,,,,,33.243048,6.505871448,0,Image_6,PB1
,,,,,,,,57.766608,8.576172204,0,Image_6,PB1
,,,,,,,,189,15.51264884,0,Image_6,PB1
,,,,,,,,316,20.05850683,0,Image_7,PB1
,,,,,,,,82,10.21790794,0,Image_7,PB1
,,,,,,,,34.0605,6.585375882,0,Image_7,PB1
,,,,,,,,127,12.71618741,1.084213791,Image_7,PB1
,,,,,,,,55.85922,8.433395985,9.7125E-01,Image_7,PB1
,,,,,,,,38.420244,6.994152842,0,Image_7,PB1
,,,,,,,,103,11.45179781,1.469538444,Image_7,PB1
,,,,,,,,137,13.20733954,5.760731449,Image_7,PB1
,,,,,,,,1.907388,1.558384365,5.757417023,Image_7,PB1
,,,,,,,,44.687376,7.543058682,7.013676564,Image_7,PB1
,,,,,,,,16.076556,4.524301807,NA,Image_7,PB1
,,,,,,,,65,9.097283683,NA,Image_7,PB1
,,,,,,,,146.868876,13.6747673,0,Image_7,PB1
,,,,,,,,89.91972,10.69996932,1.099342843,Image_7,PB1
,,,,,,,,48.502152,7.858425919,0,Image_7,PB1
,,,,,,,,66.486096,9.200691637,9.019932172,Image_7,PB1
,,,,,,,,95,10.99807968,0,Image_7,PB1
,,,,,,,,63,8.956231982,1.186040969,Image_7,PB1
,,,,,,,,45.504828,7.611737416,0,Image_7,PB1
,,,,,,,,134,13.0619332,0,Image_7,PB1
,,,,,,,,5.177196,2.567452176,8.902019322,Image_7,PB1
,,,,,,,,7.902036,3.171937061,5.077759153,Image_7,PB1
,,,,,,,,151,13.86575534,1.637082642,Image_7,PB1
,,,,,,,,48,7.81764019,4.874839827,Image_7,PB1
,,,,,,,,35.42292,6.715792026,9.32367E-01,Image_7,PB1
,,,,,,,,34.0605,6.585375882,1.957722712,Image_7,PB1
,,,,,,,,54.4968,8.329914815,6.350034823,Image_7,PB1
,,,,,,,,31.33566,6.31647065,0,Image_7,PB1
,,,,,,,,125,12.61566261,0,Image_7,PB1
,,,,,,,,148,13.72732504,0,Image_7,PB1
,,,,,,,,142,13.44618962,0,Image_8,PB1
,,,,,,,,47.412216,7.769627296,3.3007E-01,Image_8,PB1
,,,,,,,,41.690052,7.285699886,0,Image_8,PB1
,,,,,,,,185,15.34761596,0,Image_8,PB1
,,,,,,,,43.869924,7.473748863,4.2629E-01,Image_8,PB1
,,,,,,,,38.420244,6.994152842,6.357331542,Image_8,PB1
,,,,,,,,36.240372,6.792839962,0,Image_8,PB1
,,,,,,,,135,13.11058117,0,Image_8,PB1
,,,,,,,,143.871552,13.53450957,1.676631326,Image_8,PB1
,,,,,,,,53.406864,8.246194953,4.52397E-01,Image_8,PB1
,,,,,,,,51.226992,8.076152052,8.54474E-02,Image_8,PB1
,,,,,,,,131,12.91488987,0,Image_8,PB1
,,,,,,,,212,16.42944867,0,Image_8,PB1
,,,,,,,,191,15.59451035,2.657091929,Image_8,PB1
,,,,,,,,29.155788,6.092807419,1.0784053,Image_8,PB1
,,,,,,,,35.967888,6.767254786,1.459279107,Image_8,PB1
,,,,,,,,41.145084,7.237924289,2.638153779,Image_8,PB1
,,,,,,,,48.229668,7.836320599,0,Image_8,PB1
,,,,,,,,34.332984,6.611664913,0,Image_8,PB1
,,,,,,,,144,13.54055001,0,Image_8,PB1
,,,,,,,,43.869924,7.473748863,3.183888327,Image_8,PB1
,,,,,,,,49.592088,7.946232286,6.12818E-01,Image_8,PB1
,,,,,,,,67.576032,9.27580057,3.35887962,Image_8,PB1
,,,,,,,,35.967888,6.767254786,0,Image_8,PB1
,,,,,,,,165,14.49429284,0,Image_8,PB1
,,,,,,,,64,9.027033337,0,Image_8,PB1
,,,,,,,,186,15.3890401,0,Image_8,PB1
,,,,,,,,38.692728,7.018910983,1.13743771,Image_8,PB1
,,,,,,,,7.084584,3.003393498,10.8201749,Image_8,PB1
,,,,,,,,24.251076,5.556746257,7.82792E-01,Image_8,PB1
,,,,,,,,28.065852,5.977838457,12.7319241,Image_8,PB1
,,,,,,,,56,8.444016491,0,Image_8,PB1
,,,,,,,,25.88598,5.740997595,0,Image_8,PB1
,,,,,,,,110,11.83454055,0,Image_8,PB1
,,,,,,,,121,12.41217084,8.11436E-01,Image_8,PB1
,,,,,,,,47,7.735777828,8.56178E-01,Image_8,PB1
,,,,,,,,103.271436,11.46687735,3.883679177,Image_8,PB1
,,,,,,,,37.875276,6.944371762,0,Image_8,PB1
,,,,,,,,145,13.58748446,0,Image_8,PB1
,,,,,,,,34.332984,6.611664913,8.41991E-01,Image_9,PB1
,,,,,,,,26.430948,5.801114393,4.3530756,Image_9,PB1
,,,,,,,,65,9.097283683,5.163936357,Image_9,PB1
,,,,,,,,41.145084,7.237924289,0,Image_9,PB1
,,,,,,,,190,15.55363345,0,Image_9,PB1
,,,,,,,,61.853868,8.874389598,2.44421E-01,Image_9,PB1
,,,,,,,,54,8.291859587,0,Image_9,PB1
,,,,,,,,240,17.48077489,NA,Image_9,PB1
,,,,,,,,101.636532,11.3757484,0,Image_9,PB1
,,,,,,,,262,18.26441241,0,Image_9,PB1
,,,,,,,,108.721116,11.76554394,0,Image_9,PB1
,,,,,,,,126.432576,12.68774824,NA,Image_9,PB1
,,,,,,,,49.592088,7.946232286,0,Image_9,PB1
,,,,,,,,74.115648,9.714266515,0,Image_9,PB1
,,,,,,,,175,14.9270533,0,Image_9,PB1
,,,,,,,,137.876904,13.24954061,NA,Image_9,PB1
,,,,,,,,121.527864,12.4392155,0,Image_9,PB1
,,,,,,,,309,19.83509565,0,Image_9,PB1
,,,,,,,,86.922396,10.52012509,0,Image_9,PB1
,,,,,,,,55.586736,8.412801581,2.804244822,Image_9,PB1
,,,,,,,,0.272484,5.89014E-01,5.514288014,Image_9,PB1
,,,,,,,,3,1.954410048,6.98869E-01,Image_9,PB1
,,,,,,,,58.856544,8.656701409,8.832029663,Image_9,PB1
,,,,,,,,109.811052,11.82437203,0,Image_9,PB1
,,,,,,,,299,19.51149979,0,Image_9,PB1
,,,,,,,,54.769284,8.350713636,7.010529242,Image_9,PB1
,,,,,,,,38,6.955796338,0,Image_9,PB1
,,,,,,,,80.655264,10.13377874,0,Image_9,PB1
,,,,,,,,69.755904,9.424222804,0,Image_9,PB1
,,,,,,,,334,20.62188177,0,Image_9,PB1
,,,,,,,,242,17.55346034,0,Image_9,PB1
,,,,,,,,39.782664,7.117082338,0,Image_9,PB1
,,,,,,,,55.586736,8.412801581,0,Image_9,PB1
,,,,,,,,53.13438,8.225131841,0,Image_9,PB1
,,,,,,,,23.978592,5.525440395,3.263979656,Image_10,PB1
,,,,,,,,16.076556,4.524301807,2.520335149,Image_10,PB1
,,,,,,,,14.714136,4.328350705,6.082603833,Image_10,PB1
,,,,,,,,37.057824,6.869023727,4.181175346,Image_10,PB1
,,,,,,,,16.894008,4.637900285,1.022788503,Image_10,PB1
,,,,,,,,103,11.45179781,2.506545372,Image_10,PB1
,,,,,,,,44.687376,7.543058682,0,Image_10,PB1
,,,,,,,,148,13.72732504,9.79821E-01,Image_10,PB1
,,,,,,,,49.319604,7.924371908,0,Image_10,PB1
,,,,,,,,183,15.26443044,0,Image_10,PB1
,,,,,,,,101.364048,11.36048918,0,Image_10,PB1
,,,,,,,,160,14.27299293,0,Image_10,PB1
,,,,,,,,50.954508,8.054644286,0,Image_10,PB1
,,,,,,,,220,16.73656774,0,Image_10,PB1
,,,,,,,,59.129028,8.67671693,1.737495103,Image_10,PB1
,,,,,,,,28.338336,6.006786997,3.586329325,Image_10,PB1
,,,,,,,,34.877952,6.663931852,5.401484093,Image_10,PB1
,,,,,,,,137.331936,13.22332983,0,Image_10,PB1
,,,,,,,,117.985572,12.25658582,1.804708772,Image_10,PB1
,,,,,,,,34.332984,6.611664913,1.66208E-01,Image_10,PB1
,,,,,,,,190,15.55363345,0,Image_10,PB1
,,,,,,,,30,6.180387232,0,Image_10,PB1
,,,,,,,,205,16.15593101,0,Image_10,PB1
,,,,,,,,157,14.13855044,0,Image_10,PB1
,,,,,,,,40,7.136496465,5.676464706,Image_10,PB1
,,,,,,,,85.015008,10.40406027,1.183752043,Image_10,PB1
,,,,,,,,57.22164,8.535622699,8.30374E-02,Image_10,PB1
,,,,,,,,52.316928,8.161616359,2.41438803,Image_10,PB1
,,,,,,,,345,20.95871282,0,Image_10,PB1
,,,,,,,,14.169168,4.247439819,6.577398471,Image_10,PB1
,,,,,,,,77.65794,9.943699521,2.205695417,Image_10,PB1
,,,,,,,,24.251076,5.556746257,3.8985887,Image_10,PB1
,,,,,,,,14.98662,4.368244181,0,Image_10,PB1
,,,,,,,,101.364048,11.36048918,8.712713004,Image_10,PB1
,,,,,,,,25.341012,5.680244588,3.999367822,Image_10,PB1
,,,,,,,,39.782664,7.117082338,1.739663508,Image_10,PB1
,,,,,,,,97.004304,11.11349251,0,Image_10,PB1
,,,,,,,,247,17.73387063,0,Image_11,PB1
,,,,,,,,322,20.24804024,0,Image_11,PB1
,,,,,,,,104.361372,11.52722975,0,Image_11,PB1
,,,,,,,,324,20.31082501,0,Image_11,PB1
,,,,,,,,88.284816,10.60225065,5.420103106,Image_11,PB1
,,,,,,,,225,16.92568751,0,Image_11,PB1
,,,,,,,,93.462012,10.90869055,0,Image_11,PB1
,,,,,,,,236,17.33448968,1.799734136,Image_11,PB1
,,,,,,,,0.272484,5.89014E-01,10.90223187,Image_11,PB1
,,,,,,,,42.507504,7.356781568,7.386005773,Image_11,PB1
,,,,,,,,0.544968,8.32991E-01,11.01711043,Image_11,PB1
,,,,,,,,23.433624,5.462290431,2.49176E-01,Image_11,PB1
,,,,,,,,75.205584,9.785434254,NA,Image_11,PB1
,,,,,,,,261,18.22952334,0,Image_11,PB1
,,,,,,,,150.411168,13.83869384,0,Image_11,PB1
,,,,,,,,355,21.26029253,0,Image_11,PB1
,,,,,,,,84.197556,10.35391993,0,Image_11,PB1
,,,,,,,,345,20.95871282,0,Image_11,PB1
,,,,,,,,24.52356,5.587876732,1.753021549,Image_11,PB1
,,,,,,,,73.025712,9.642573531,0,Image_11,PB1
,,,,,,,,299,19.51149979,0,Image_11,PB1
,,,,,,,,348,21.04964041,0,Image_11,PB1
,,,,,,,,333,20.59098755,0,Image_11,PB1
,,,,,,,,45.777312,7.634493034,0,Image_11,PB1
,,,,,,,,30.790692,6.261303911,0,Image_12,PB1
,,,,,,,,128,12.76615297,5.916171902,Image_12,PB1
,,,,,,,,116.350668,12.17137098,0,Image_12,PB1
,,,,,,,,101,11.34007028,0,Image_12,PB1
,,,,,,,,117.16812,12.21405272,6.00007E-01,Image_12,PB1
,,,,,,,,106.26876,11.632093,1.44743E-01,Image_12,PB1
,,,,,,,,80.655264,10.13377874,0,Image_12,PB1
,,,,,,,,273,18.6438836,0,Image_12,PB1
,,,,,,,,346,20.98906578,0,Image_12,PB1
,,,,,,,,39.237696,7.068167103,8.2262E-01,Image_12,PB1
,,,,,,,,68.393484,9.331735553,0,Image_12,PB1
,,,,,,,,216,16.58371917,0,Image_12,PB1
,,,,,,,,208,16.27371578,0,Image_12,PB1
,,,,,,,,150,13.81976598,0,Image_12,PB1
,,,,,,,,144,13.54055001,0,Image_12,PB1
,,,,,,,,36.78534,6.843723369,0,Image_12,PB1
,,,,,,,,148,13.72732504,0,Image_12,PB1
,,,,,,,,129,12.81592374,0,Image_12,PB1
,,,,,,,,29.700756,6.149485917,2.370320642,Image_12,PB1
,,,,,,,,140,13.35116236,3.470413109,Image_12,PB1
,,,,,,,,37.330308,6.894231238,0,Image_12,PB1
,,,,,,,,33.788016,6.558981484,0,Image_12,PB1
,,,,,,,,141,13.39876023,4.686220269,Image_12,PB1
,,,,,,,,50.954508,8.054644286,9.74916E-01,Image_12,PB1
,,,,,,,,53.951832,8.288160593,2.628927213,Image_12,PB1
,,,,,,,,1.36242,1.317075176,9.973999108,Image_12,PB1
,,,,,,,,105.451308,11.58726781,1.015718665,Image_12,PB1
,,,,,,,,49.319604,7.924371908,6.917085066,Image_12,PB1
,,,,,,,,57.494124,8.555921474,0,Image_12,PB1
,,,,,,,,87.739848,10.569477,0,Image_12,PB1
,,,,,,,,71.118324,9.515811183,0,Image_12,PB1
,,,,,,,,62.398836,8.913398092,0,Image_12,PB1
,,,,,,,,70.028388,9.442611548,0,Image_12,PB1
,,,,,,,,56.949156,8.515275536,0,Image_12,PB1
,,,,,,,,26.703432,5.83094037,8.76224E-01,Image_13,PB1
,,,,,,,,193,15.67594438,0,Image_13,PB1
,,,,,,,,31.608144,6.343874122,0,Image_13,PB1
,,,,,,,,25.341012,5.680244588,0,Image_13,PB1
,,,,,,,,125,12.61566261,0,Image_13,PB1
,,,,,,,,59.129028,8.67671693,0,Image_13,PB1
,,,,,,,,200,15.95769122,0,Image_13,PB1
,,,,,,,,131,12.91488987,0,Image_13,PB1
,,,,,,,,221,16.77456227,0,Image_13,PB1
,,,,,,,,305,19.70629496,0,Image_13,PB1
,,,,,,,,316,20.05850683,0,Image_13,PB1
,,,,,,,,131.337288,12.93150528,0,Image_13,PB1
,,,,,,,,125.070156,12.61920237,3.045783697,Image_13,PB1
,,,,,,,,101.909016,11.39098719,9.282340995,Image_13,PB1
,,,,,,,,52.316928,8.161616359,5.19553E-01,Image_13,PB1
,,,,,,,,50.682024,8.033078934,NA,Image_13,PB1
,,,,,,,,119.347992,12.32714821,4.08317356,Image_13,PB1
,,,,,,,,142,13.44618962,0,Image_13,PB1
,,,,,,,,184,15.30607971,0,Image_13,PB1
,,,,,,,,52.861896,8.204014651,0,Image_13,PB1
,,,,,,,,174,14.88434348,0,Image_13,PB1
,,,,,,,,212,16.42944867,0,Image_13,PB1
,,,,,,,,2,1.595769122,7.193925796,Image_13,PB1
,,,,,,,,22.343688,5.333747945,2.244319306,Image_13,PB1
,,,,,,,,102.1815,11.40620562,1.354958219,Image_13,PB1
,,,,,,,,335,20.65272978,0,Image_13,PB1
,,,,,,,,78.747876,10.01323673,0,Image_13,PB1
,,,,,,,,64.03374,9.029412493,0,Image_13,PB1
,,,,,,,,113,11.99483508,2.2743238,Image_13,PB1
,,,,,,,,23.978592,5.525440395,0,Image_13,PB1
,,,,,,,,341,20.8368588,2.67626E-01,Image_13,PB1
,,,,,,,,40.600116,7.189831237,2.430706009,Image_13,PB1
,,,,,,,,17.983944,4.785171749,3.137060082,Image_13,PB1
,,,,,,,,18.528912,4.857133257,0,Image_13,PB1
,,,,,,,,36.78534,6.843723369,0,Image_14,PB1
,,,,,,,,82,10.21790794,2.793465869,Image_14,PB1
,,,,,,,,45.232344,7.588913564,0,Image_14,PB1
,,,,,,,,122,12.46335526,0,Image_14,PB1
,,,,,,,,128,12.76615297,0,Image_14,PB1
,,,,,,,,90,10.7047447,0,Image_14,PB1
,,,,,,,,265,18.36868203,0,Image_14,PB1
,,,,,,,,57.494124,8.555921474,0,Image_14,PB1
,,,,,,,,254,17.98340469,0,Image_14,PB1
,,,,,,,,227,17.00074636,9.35899E-01,Image_14,PB1
,,,,,,,,41.145084,7.237924289,3.904272693,Image_14,PB1
,,,,,,,,44,7.484820637,7.312539555,Image_14,PB1
,,,,,,,,202,16.03728119,0,Image_14,PB1
,,,,,,,,52.589412,8.182842965,4.617221373,Image_14,PB1
,,,,,,,,38.965212,7.043582099,2.10396829,Image_14,PB1
,,,,,,,,70.84584,9.497564165,2.72856E-01,Image_14,PB1
,,,,,,,,27.520884,5.919516688,2.831246484,Image_14,PB1
,,,,,,,,327,20.40463994,NA,Image_14,PB1
,,,,,,,,296,19.41336924,NA,Image_14,PB1
,,,,,,,,111.990924,11.94115878,0,Image_14,PB1
,,,,,,,,320,20.18506018,0,Image_14,PB1
,,,,,,,,166,14.53814859,0,Image_14,PB1
,,,,,,,,59.94648,8.736488362,0,Image_14,PB1
,,,,,,,,54.769284,8.350713636,5.572117196,Image_14,PB1
,,,,,,,,73.025712,9.642573531,0,Image_14,PB1
,,,,,,,,187,15.43035304,0,Image_14,PB1
,,,,,,,,254,17.98340469,0,Image_14,PB1
,,,,,,,,57.22164,8.535622699,1.061217009,Image_14,PB1
,,,,,,,,51.77196,8.118996661,4.061862854,Image_14,PB1
,,,,,,,,39.782664,7.117082338,0,Image_14,PB1
,,,,,,,,221,16.77456227,0,Image_15,PB1
,,,,,,,,182,15.22266722,0,Image_15,PB1
,,,,,,,,45.504828,7.611737416,2.130100336,Image_15,PB1
,,,,,,,,53.951832,8.288160593,4.08821E-01,Image_15,PB1
,,,,,,,,129,12.81592374,2.606726947,Image_15,PB1
,,,,,,,,54,8.291859587,1.214702493,Image_15,PB1
,,,,,,,,22.616172,5.366172243,6.482137802,Image_15,PB1
,,,,,,,,155,14.04820734,0,Image_15,PB1
,,,,,,,,11.716812,3.862422605,7.272448688,Image_15,PB1
,,,,,,,,40.055148,7.141414314,1.248151067,Image_15,PB1
,,,,,,,,50.682024,8.033078934,0,Image_15,PB1
,,,,,,,,194,15.71650316,0,Image_15,PB1
,,,,,,,,137,13.20733954,0,Image_15,PB1
,,,,,,,,98,11.17038385,5.438216537,Image_15,PB1
,,,,,,,,35.967888,6.767254786,0,Image_15,PB1
,,,,,,,,162,14.36192209,0,Image_15,PB1
,,,,,,,,181,15.1807891,0,Image_15,PB1
,,,,,,,,42.779988,7.380323329,2.707646492,Image_15,PB1
,,,,,,,,53.406864,8.246194953,9.37059E-01,Image_15,PB1
,,,,,,,,74.388132,9.73210724,NA,Image_15,PB1
,,,,,,,,126,12.66602474,9.054092672,Image_15,PB1
,,,,,,,,38.692728,7.018910983,0,Image_15,PB1
,,,,,,,,141,13.39876023,0,Image_15,PB1
,,,,,,,,108.721116,11.76554394,0,Image_15,PB1
,,,,,,,,61.036416,8.815553217,0,Image_15,PB1
,,,,,,,,16.621524,4.600345819,2.335925058,Image_15,PB1
,,,,,,,,164,14.45030399,0,Image_15,PB1
,,,,,,,,41.690052,7.285699886,10.83086229,Image_15,PB1
,,,,,,,,20.708784,5.134904353,1.739962598,Image_15,PB1
,,,,,,,,28.883304,6.064269522,5.672238819,Image_15,PB1
,,,,,,,,102,11.39607097,0,Image_15,PB1
,,,,,,,,119,12.30916349,1.96026E-03,Image_15,PB1
,,,,,,,,20.708784,5.134904353,0,Image_15,PB1
,,,,,,,,213,16.46815178,9.27971E-01,Image_16,PB1
,,,,,,,,204,16.11647812,7.15524E-01,Image_16,PB1
,,,,,,,,8,3.191538243,7.626882562,Image_16,PB1
,,,,,,,,30.518208,6.23353746,2.853041609,Image_16,PB1
,,,,,,,,69.210936,9.38733725,6.8834E-01,Image_16,PB1
,,,,,,,,56.949156,8.515275536,0,Image_16,PB1
,,,,,,,,180,15.13879513,0,Image_16,PB1
,,,,,,,,264,18.33399138,0,Image_16,PB1
,,,,,,,,252,17.91246396,0,Image_16,PB1
,,,,,,,,98,11.17038385,2.717861708,Image_16,PB1
,,,,,,,,54.4968,8.329914815,1.558453862,Image_16,PB1
,,,,,,,,57.22164,8.535622699,0,Image_16,PB1
,,,,,,,,247,17.73387063,0,Image_16,PB1
,,,,,,,,61.3089,8.835208878,0,Image_16,PB1
,,,,,,,,158,14.1835062,2.966022175,Image_16,PB1
,,,,,,,,45,7.569397566,5.19824E-01,Image_16,PB1
,,,,,,,,43.869924,7.473748863,3.477911329,Image_16,PB1
,,,,,,,,135,13.11058117,0,Image_16,PB1
,,,,,,,,65.941128,9.162906296,1.136026053,Image_16,PB1
,,,,,,,,65.941128,9.162906296,3.32995E-01,Image_16,PB1
,,,,,,,,8.719488,3.331965926,2.46634669,Image_16,PB1
,,,,,,,,245,17.66192765,0,Image_16,PB1
,,,,,,,,56.404188,8.474434651,5.408712769,Image_16,PB1
,,,,,,,,51.77196,8.118996661,0,Image_16,PB1
,,,,,,,,218,16.66031875,0,Image_16,PB1
,,,,,,,,68.665968,9.350306189,0,Image_16,PB1
,,,,,,,,318,20.12188299,0,Image_16,PB1
,,,,,,,,286,19.08262324,0,Image_16,PB1
,,,,,,,,65.668644,9.143955074,2.66268E-01,Image_16,PB1
,,,,,,,,11.989296,3.907076373,0,Image_16,PB1
,,,,,,,,235,17.29772508,0,Image_16,PB1
,,,,,,,,203,16.07692842,0,Image_16,PB1
,,,,,,,,80.110296,10.09948498,0,Image_16,PB1
,,,,,,,,72.753228,9.624566842,0,Image_16,PB1
,,,,,,,,296,19.41336924,0,Image_16,PB1
,,,,,,,,36.78534,6.843723369,0,Image_16,PB1
,,,,,,,,53.13438,8.225131841,0,Image_17,PB1
,,,,,,,,74.660616,9.749915319,2.74193E-02,Image_17,PB1
,,,,,,,,69.210936,9.38733725,0,Image_17,PB1
,,,,,,,,175,14.9270533,0,Image_17,PB1
,,,,,,,,62.67132,8.93283846,0,Image_17,PB1
,,,,,,,,44.95986,7.566020862,4.1908965,Image_17,PB1
,,,,,,,,15.259104,4.407776608,6.435076664,Image_17,PB1
,,,,,,,,1.089936,1.17802785,8.54117E-01,Image_17,PB1
,,,,,,,,49.04712,7.902451059,0,Image_17,PB1
,,,,,,,,73.843164,9.696392964,4.809500285,Image_17,PB1
,,,,,,,,47.957184,7.814152745,5.49707E-01,Image_17,PB1
,,,,,,,,55.041768,8.371460782,0,Image_17,PB1
,,,,,,,,222,16.81247093,0,Image_17,PB1
,,,,,,,,259,18.1595441,0,Image_17,PB1
,,,,,,,,74.660616,9.749915319,0,Image_17,PB1
,,,,,,,,258,18.12445317,0,Image_17,PB1
,,,,,,,,198,15.87770229,0,Image_17,PB1
,,,,,,,,43.869924,7.473748863,0,Image_17,PB1
,,,,,,,,51.499476,8.097602693,0,Image_17,PB1
,,,,,,,,51.77196,8.118996661,5.397946285,Image_17,PB1
,,,,,,,,68.121,9.313127886,0,Image_17,PB1
,,,,,,,,66.486096,9.200691637,10.40968291,Image_17,PB1
,,,,,,,,61.3089,8.835208878,0,Image_17,PB1
,,,,,,,,234,17.26088218,0,Image_17,PB1
,,,,,,,,69.48342,9.405798108,4.774377579,Image_17,PB1
,,,,,,,,36.512856,6.818329132,NA,Image_17,PB1
,,,,,,,,45.504828,7.611737416,1.38791E-01,Image_17,PB1
,,,,,,,,37.875276,6.944371762,0,Image_17,PB1
,,,,,,,,129.974868,12.86425831,1.48783535,Image_17,PB1
,,,,,,,,27.2484,5.890139252,0,Image_17,PB1
,,,,,,,,133,13.01310338,0,Image_17,PB1
,,,,,,,,105,11.56244577,0,Image_17,PB1
,,,,,,,,26.430948,5.801114393,6.069705895,Image_17,PB1
,,,,,,,,0.272484,5.89014E-01,0,Image_17,PB1
,,,,,,,,181,15.1807891,0,Image_17,PB1
,,,,,,,,42.507504,7.356781568,0,Image_17,PB1
,,,,,,,,189,15.51264884,0,Image_17,PB1
,,,,,,,,129,12.81592374,0,Image_18,PB1
,,,,,,,,195,15.75695755,0,Image_18,PB1
,,,,,,,,180,15.13879513,2.740850191,Image_18,PB1
,,,,,,,,181,15.1807891,0,Image_18,PB1
,,,,,,,,2,1.595769122,0,Image_18,PB1
,,,,,,,,169,14.66892917,0,Image_18,PB1
,,,,,,,,150,13.81976598,6.462366155,Image_18,PB1
,,,,,,,,57.494124,8.555921474,0,Image_18,PB1
,,,,,,,,147,13.68087033,0,Image_18,PB1
,,,,,,,,162,14.36192209,5.480005368,Image_18,PB1
,,,,,,,,1.089936,1.17802785,0,Image_18,PB1
,,,,,,,,233,17.22396046,0,Image_18,PB1
,,,,,,,,108.9936,11.7802785,0,Image_18,PB1
,,,,,,,,91.28214,10.78072495,3.730932915,Image_18,PB1
,,,,,,,,199,15.917747,0,Image_18,PB1
,,,,,,,,203,16.07692842,0,Image_18,PB1
,,,,,,,,138,13.25545387,2.890233701,Image_18,PB1
,,,,,,,,65.39616,9.124964492,0,Image_18,PB1
,,,,,,,,55.314252,8.392156638,0,Image_18,PB1
,,,,,,,,155,14.04820734,1.458017285,Image_18,PB1
,,,,,,,,159,14.22831992,0,Image_18,PB1
,,,,,,,,191,15.59451035,0,Image_18,PB1
,,,,,,,,190,15.55363345,0,Image_18,PB1
,,,,,,,,247,17.73387063,0,Image_18,PB1
,,,,,,,,220,16.73656774,0,Image_18,PB1
,,,,,,,,203,16.07692842,0,Image_18,PB1
,,,,,,,,41.962536,7.309470585,9.603547702,Image_18,PB1
,,,,,,,,48.774636,7.880469233,1.843486523,Image_18,PB1
,,,,,,,,222,16.81247093,0,Image_18,PB1
,,,,,,,,60.218964,8.756321506,0,Image_18,PB1
,,,,,,,,179,15.09668435,0,Image_18,PB1
,,,,,,,,73.298196,9.660546657,0,Image_18,PB1
,,,,,,,,46.867248,7.724845209,1.365023131,Image_18,PB1
,,,,,,,,13.351716,4.123097477,6.26806E-01,Image_18,PB1
,,,,,,,,38,6.955796338,1.03631106,Image_18,PB1
,,,,,,,,16.34904,4.562482246,2.585086624,Image_18,PB1
,,,,,,,,74.660616,9.749915319,0,Image_18,PB1
,,,,,,,,282,18.94870844,1.364113043,Image_18,PB1
,,,,,,,,46.594764,7.702356529,0,Image_18,PB1
,,,,,,,,34.877952,6.663931852,0,Image_0,PB2
,,,,,,,,206,16.19528778,0,Image_0,PB2
,,,,,,,,220,16.73656774,0,Image_0,PB2
,,,,,,,,0.817452,1.020202045,5.401218273,Image_0,PB2
,,,,,,,,17.983944,4.785171749,2.435005289,Image_0,PB2
,,,,,,,,43.869924,7.473748863,0,Image_0,PB2
,,,,,,,,56.404188,8.474434651,3.93573E-02,Image_0,PB2
,,,,,,,,38.420244,6.994152842,4.127352778,Image_0,PB2
,,,,,,,,68.665968,9.350306189,0,Image_0,PB2
,,,,,,,,220,16.73656774,0,Image_0,PB2
,,,,,,,,49.864572,7.96803269,0,Image_0,PB2
,,,,,,,,39.237696,7.068167103,2.60597E-02,Image_0,PB2
,,,,,,,,22.343688,5.333747945,3.99101E-01,Image_0,PB2
,,,,,,,,53.679348,8.267204401,1.522227725,Image_0,PB2
,,,,,,,,151,13.86575534,5.369091211,Image_0,PB2
,,,,,,,,18.256428,4.821286766,3.118542704,Image_0,PB2
,,,,,,,,13.351716,4.123097477,12.80551499,Image_0,PB2
,,,,,,,,7.902036,3.171937061,4.632869919,Image_0,PB2
,,,,,,,,56.676672,8.494879637,0,Image_0,PB2
,,,,,,,,227,17.00074636,0,Image_0,PB2
,,,,,,,,119.347992,12.32714821,3.754587337,Image_0,PB2
,,,,,,,,5.722164,2.699200898,3.422001797,Image_0,PB2
,,,,,,,,100.001628,11.28388352,7.417347575,Image_0,PB2
,,,,,,,,37.875276,6.944371762,9.04873E-01,Image_0,PB2
,,,,,,,,104,11.50725478,5.837826887,Image_0,PB2
,,,,,,,,108,11.72646029,0,Image_0,PB2
,,,,,,,,107.903664,11.72122912,6.336500498,Image_0,PB2
,,,,,,,,84,10.34176589,NA,Image_0,PB2
,,,,,,,,225,16.92568751,0,Image_0,PB2
,,,,,,,,70.84584,9.497564165,0,Image_0,PB2
,,,,,,,,314,19.99492978,0,Image_0,PB2
,,,,,,,,65.668644,9.143955074,2.677553468,Image_0,PB2
,,,,,,,,1,1.128379167,3.16637197,Image_0,PB2
,,,,,,,,45,7.569397566,0,Image_0,PB2
,,,,,,,,11.989296,3.907076373,NA,Image_1,PB2
,,,,,,,,8,3.191538243,2.679702487,Image_1,PB2
,,,,,,,,67.576032,9.27580057,7.100154063,Image_1,PB2
,,,,,,,,38.420244,6.994152842,0,Image_1,PB2
,,,,,,,,63.488772,8.99090736,0,Image_1,PB2
,,,,,,,,60.491448,8.776109828,1.144135835,Image_1,PB2
,,,,,,,,76.023036,9.838472226,0,Image_1,PB2
,,,,,,,,152,13.91159268,0,Image_1,PB2
,,,,,,,,112,11.94164264,6.06213E-01,Image_1,PB2
,,,,,,,,38.420244,6.994152842,0,Image_1,PB2
,,,,,,,,108,11.72646029,0,Image_1,PB2
,,,,,,,,68,9.304852983,0,Image_1,PB2
,,,,,,,,23.16114,5.43044007,1.034864118,Image_1,PB2
,,,,,,,,17.983944,4.785171749,1.230035308,Image_1,PB2
,,,,,,,,29.428272,6.121212269,1.834136587,Image_1,PB2
,,,,,,,,32.970564,6.479153177,9.714257086,Image_1,PB2
,,,,,,,,43.869924,7.473748863,0,Image_1,PB2
,,,,,,,,32.153112,6.398328976,0,Image_1,PB2
,,,,,,,,237,17.37117647,2.112294668,Image_1,PB2
,,,,,,,,64.306224,9.048603614,1.221217056,Image_1,PB2
,,,,,,,,55.586736,8.412801581,5.77628E-01,Image_1,PB2
,,,,,,,,"40,00",7.136496465,0,Image_1,PB2
,,,,,,,,"362,00",21.46887783,0,Image_1,PB2
,,,,,,,,80.655264,10.13377874,9.475959772,Image_1,PB2
,,,,,,,,55.85922,8.433395985,5.039424194,Image_1,PB2
,,,,,,,,1.36242,1.317075176,5.488483283,Image_1,PB2
,,,,,,,,49.04712,7.902451059,1.531178121,Image_1,PB2
,,,,,,,,"6,00",2.763953196,1.194428613,Image_1,PB2
,,,,,,,,"172,00",14.79855404,1.622365312,Image_1,PB2
,,,,,,,,57.766608,8.576172204,0,Image_1,PB2
,,,,,,,,"227,00",17.00074636,0,Image_1,PB2
,,,,,,,,51.499476,8.097602693,0,Image_1,PB2
,,,,,,,,"167,00",14.58187244,0,Image_1,PB2
,,,,,,,,"158,00",14.1835062,0,Image_1,PB2
,,,,,,,,18.801396,4.892717127,8.260999679,Image_2,PB2
,,,,,,,,88.5573,10.61859955,0,Image_2,PB2
,,,,,,,,49.864572,7.96803269,0,Image_2,PB2
,,,,,,,,52.589412,8.182842965,0,Image_2,PB2
,,,,,,,,98.366724,11.19126458,NA,Image_2,PB2
,,,,,,,,138.694356,13.28875986,NA,Image_2,PB2
,,,,,,,,"344,00",20.92831583,NA,Image_2,PB2
,,,,,,,,168.667596,14.654496,NA,Image_2,PB2
,,,,,,,,129.974868,12.86425831,0,Image_2,PB2
,,,,,,,,38.965212,7.043582099,3.746028382,Image_2,PB2
,,,,,,,,51.226992,8.076152052,0,Image_2,PB2
,,,,,,,,"197,00",15.83755632,0,Image_2,PB2
,,,,,,,,46.867248,7.724845209,0,Image_2,PB2
,,,,,,,,"221,00",16.77456227,0,Image_2,PB2
,,,,,,,,"225,00",16.92568751,0,Image_2,PB2
,,,,,,,,57.766608,8.576172204,0,Image_2,PB2
,,,,,,,,69.48342,9.405798108,6.528313911,Image_2,PB2
,,,,,,,,50.682024,8.033078934,0,Image_2,PB2
,,,,,,,,50.682024,8.033078934,0,Image_2,PB2
,,,,,,,,41.690052,7.285699886,0,Image_2,PB2
,,,,,,,,114.44328,12.07119338,7.79616E-01,Image_2,PB2
,,,,,,,,76.840488,9.891225807,0,Image_2,PB2
,,,,,,,,"202,00",16.03728119,0,Image_2,PB2
,,,,,,,,48.502152,7.858425919,0,Image_2,PB2
,,,,,,,,"279,00",18.84764794,0,Image_2,PB2
,,,,,,,,"309,00",19.83509565,0,Image_2,PB2
,,,,,,,,51.226992,8.076152052,8.382410425,Image_2,PB2
,,,,,,,,20.163816,5.066889372,1.940922483,Image_2,PB2
,,,,,,,,5.44968,2.634150353,4.063843116,Image_2,PB2
,,,,,,,,32.69808,6.452324271,0,Image_2,PB2
,,,,,,,,25.88598,5.740997595,4.82321362,Image_3,PB2
,,,,,,,,"61,00",8.812923024,2.688485054,Image_3,PB2
,,,,,,,,"3,00",1.954410048,6.503632656,Image_3,PB2
,,,,,,,,28.338336,6.006786997,1.108060155,Image_3,PB2
,,,,,,,,22.888656,5.398401795,2.47051E-01,Image_3,PB2
,,,,,,,,16.894008,4.637900285,1.010242373,Image_3,PB2
,,,,,,,,16.621524,4.600345819,6.020118578,Image_3,PB2
,,,,,,,,28.61082,6.035596692,0,Image_3,PB2
,,,,,,,,"137,00",13.20733954,NA,Image_3,PB2
,,,,,,,,56.404188,8.474434651,5.33228E-01,Image_3,PB2
,,,,,,,,53.406864,8.246194953,0,Image_3,PB2
,,,,,,,,"210,00",16.35176762,0,Image_3,PB2
,,,,,,,,56.404188,8.474434651,0,Image_3,PB2
,,,,,,,,50.137056,7.989773611,0,Image_3,PB2
,,,,,,,,"256,00",18.05406667,0,Image_3,PB2
,,,,,,,,79.565328,10.06507437,0,Image_3,PB2
,,,,,,,,89.647236,10.68374494,0,Image_3,PB2
,,,,,,,,"284,00",19.01578373,0,Image_3,PB2
,,,,,,,,59.673996,8.716610092,3.86484E-01,Image_3,PB2
,,,,,,,,62.67132,8.93283846,0,Image_3,PB2
,,,,,,,,50.954508,8.054644286,0,Image_3,PB2
,,,,,,,,46.049796,7.657181028,6.985295722,Image_3,PB2
,,,,,,,,51.77196,8.118996661,2.27939E-01,Image_3,PB2
,,,,,,,,57.22164,8.535622699,5.14878E-01,Image_3,PB2
,,,,,,,,58.311576,8.616530884,4.46293E-01,Image_3,PB2
,,,,,,,,40.600116,7.189831237,0,Image_3,PB2
,,,,,,,,34.605468,6.637849827,0,Image_3,PB2
,,,,,,,,"121,00",12.41217084,0,Image_3,PB2
,,,,,,,,39.237696,7.068167103,0,Image_3,PB2
,,,,,,,,"216,00",16.58371917,0,Image_3,PB2
,,,,,,,,49.864572,7.96803269,0,Image_3,PB2
,,,,,,,,"212,00",16.42944867,0,Image_3,PB2
,,,,,,,,0.544968,8.32991E-01,2.104846196,Image_3,PB2
,,,,,,,,"156,00",14.09345128,0,Image_3,PB2
,,,,,,,,39.237696,7.068167103,0,Image_3,PB2
,,,,,,,,37.057824,6.869023727,0,Image_3,PB2
,,,,,,,,47.412216,7.769627296,0,Image_3,PB2
,,,,,,,,56.404188,8.474434651,7.64105238,Image_3,PB2
,,,,,,,,27.2484,5.890139252,0,Image_3,PB2
,,,,,,,,35.42292,6.715792026,3.863440073,Image_4,PB2
,,,,,,,,25.88598,5.740997595,4.027444246,Image_4,PB2
,,,,,,,,85.287492,10.4207201,4.835677783,Image_4,PB2
,,,,,,,,72.480744,9.606526401,0,Image_4,PB2
,,,,,,,,91.827108,10.81285833,7.80298E-01,Image_4,PB2
,,,,,,,,100.81908,11.32990907,0,Image_4,PB2
,,,,,,,,91.28214,10.78072495,0,Image_4,PB2
,,,,,,,,"307,00",19.77080019,0,Image_4,PB2
,,,,,,,,110.35602,11.85367659,4.965838923,Image_4,PB2
,,,,,,,,"19,00",4.918490759,5.595879397,Image_4,PB2
,,,,,,,,126.70506,12.70141303,NA,Image_4,PB2
,,,,,,,,"356,00",21.29021554,0,Image_4,PB2
,,,,,,,,0.272484,5.89014E-01,3.496482439,Image_4,PB2
,,,,,,,,21.526236,5.235270282,0,Image_4,PB2
,,,,,,,,79.565328,10.06507437,0,Image_4,PB2
,,,,,,,,65.123676,9.105934306,0,Image_4,PB2
,,,,,,,,73.298196,9.660546657,0,Image_4,PB2
,,,,,,,,67.031064,9.238322435,0,Image_4,PB2
,,,,,,,,61.853868,8.874389598,0,Image_4,PB2
,,,,,,,,76.568004,9.873672597,0,Image_4,PB2
,,,,,,,,65.123676,9.105934306,0,Image_4,PB2
,,,,,,,,50.954508,8.054644286,0,Image_4,PB2
,,,,,,,,42.23502,7.333164231,0,Image_4,PB2
,,,,,,,,36.78534,6.843723369,3.68979E-01,Image_4,PB2
,,,,,,,,"106,00",11.61737456,6.67273E-01,Image_4,PB2
,,,,,,,,23.433624,5.462290431,5.900107526,Image_4,PB2
,,,,,,,,"213,00",16.46815178,0,Image_4,PB2
,,,,,,,,27.2484,5.890139252,7.556476913,Image_4,PB2
,,,,,,,,38.965212,7.043582099,0,Image_4,PB2
,,,,,,,,"110,00",11.83454055,0,Image_4,PB2
,,,,,,,,18.801396,4.892717127,1.723320896,Image_4,PB2
,,,,,,,,"100,00",11.28379167,0,Image_4,PB2
,,,,,,,,37.057824,6.869023727,1.702484937,Image_4,PB2
,,,,,,,,25.068528,5.649623101,1.367052848,Image_4,PB2
,,,,,,,,23.978592,5.525440395,0,Image_4,PB2
,,,,,,,,"116,00",12.15301556,0,Image_5,PB2
,,,,,,,,42.507504,7.356781568,1.379509597,Image_5,PB2
,,,,,,,,50.954508,8.054644286,8.00233E-01,Image_5,PB2
,,,,,,,,44.95986,7.566020862,2.33802E-02,Image_5,PB2
,,,,,,,,37.057824,6.869023727,0,Image_5,PB2
,,,,,,,,"173,00",14.84151075,0,Image_5,PB2
,,,,,,,,"153,00",13.95727948,NA,Image_5,PB2
,,,,,,,,"364,00",21.52810243,0,Image_5,PB2
,,,,,,,,"135,00",13.11058117,0,Image_5,PB2
,,,,,,,,37.057824,6.869023727,3.39453E-01,Image_5,PB2
,,,,,,,,38.692728,7.018910983,0,Image_5,PB2
,,,,,,,,"158,00",14.1835062,0,Image_5,PB2
,,,,,,,,"187,00",15.43035304,0,Image_5,PB2
,,,,,,,,47.412216,7.769627296,5.490352744,Image_5,PB2
,,,,,,,,60.491448,8.776109828,3.616039442,Image_5,PB2
,,,,,,,,29.97324,6.177630165,0,Image_5,PB2
,,,,,,,,29.155788,6.092807419,0,Image_5,PB2
,,,,,,,,"89,00",10.64510777,0,Image_5,PB2
,,,,,,,,26.703432,5.83094037,0,Image_5,PB2
,,,,,,,,"83,00",10.28002345,9.97947E-01,Image_5,PB2
,,,,,,,,"71,00",9.507891863,0,Image_5,PB2
,,,,,,,,24.796044,5.618834735,7.96386E-01,Image_5,PB2
,,,,,,,,43.052472,7.403790235,4.80688E-01,Image_5,PB2
,,,,,,,,29.155788,6.092807419,9.65862E-01,Image_5,PB2
,,,,,,,,26.430948,5.801114393,0,Image_5,PB2
,,,,,,,,"114,00",12.04779267,0,Image_5,PB2
,,,,,,,,19.346364,4.963119552,2.746818697,Image_5,PB2
,,,,,,,,38.420244,6.994152842,6.77518E-01,Image_5,PB2
,,,,,,,,20.708784,5.134904353,6.862988529,Image_5,PB2
,,,,,,,,27.520884,5.919516688,0,Image_5,PB2
,,,,,,,,"109,00",11.78062436,0,Image_5,PB2
,,,,,,,,38.692728,7.018910983,3.95862E-01,Image_5,PB2
,,,,,,,,51.77196,8.118996661,6.29166E-01,Image_5,PB2
,,,,,,,,44.95986,7.566020862,0,Image_5,PB2
,,,,,,,,"106,00",11.61737456,0,Image_5,PB2
,,,,,,,,22.616172,5.366172243,5.85949E-01,Image_5,PB2
,,,,,,,,29.428272,6.121212269,7.07568E-01,Image_5,PB2
,,,,,,,,30.790692,6.261303911,7.40925E-01,Image_5,PB2
,,,,,,,,37.875276,6.944371762,0,Image_5,PB2
,,,,,,,,"108,00",11.72646029,0,Image_6,PB2
,,,,,,,,20.981268,5.168576218,3.711509371,Image_6,PB2
,,,,,,,,"43,00",7.39927702,7.049343503,Image_6,PB2
,,,,,,,,"58,00",8.593479714,6.806451698,Image_6,PB2
,,,,,,,,41.962536,7.309470585,3.020424859,Image_6,PB2
,,,,,,,,"100,00",11.28379167,1.510250424,Image_6,PB2
,,,,,,,,93.189528,10.89277707,4.293797413,Image_6,PB2
,,,,,,,,"38,00",6.955796338,NA,Image_6,PB2
,,,,,,,,55.041768,8.371460782,0,Image_6,PB2
,,,,,,,,52.316928,8.161616359,0,Image_6,PB2
,,,,,,,,"183,00",15.26443044,0,Image_6,PB2
,,,,,,,,"224,00",16.88803298,3.052668286,Image_6,PB2
,,,,,,,,63.216288,8.971592821,0,Image_6,PB2
,,,,,,,,"61,00",8.812923024,1.84899873,Image_6,PB2
,,,,,,,,12.806748,4.038076026,0,Image_6,PB2
,,,,,,,,"284,00",19.01578373,0,Image_6,PB2
,,,,,,,,19.891332,5.032537183,1.61814E-01,Image_6,PB2
,,,,,,,,41.962536,7.309470585,0,Image_6,PB2
,,,,,,,,50.137056,7.989773611,0,Image_6,PB2
,,,,,,,,"145,00",13.58748446,0,Image_6,PB2
,,,,,,,,32.153112,6.398328976,0,Image_6,PB2
,,,,,,,,35.695404,6.741572512,2.01608E-01,Image_6,PB2
,,,,,,,,85.287492,10.4207201,0,Image_6,PB2
,,,,,,,,"78,00",9.96557497,7.08392E-01,Image_6,PB2
,,,,,,,,26.430948,5.801114393,5.886278651,Image_6,PB2
,,,,,,,,59.401512,8.696686386,0,Image_6,PB2
,,,,,,,,42.507504,7.356781568,0,Image_6,PB2
,,,,,,,,51.226992,8.076152052,1.06405E-01,Image_6,PB2
,,,,,,,,40.327632,7.165663668,0,Image_6,PB2
,,,,,,,,"168,00",14.62546558,1.130385914,Image_6,PB2
,,,,,,,,12.806748,4.038076026,4.346544348,Image_6,PB2
,,,,,,,,12.806748,4.038076026,5.205622352,Image_6,PB2
,,,,,,,,23.16114,5.43044007,0,Image_6,PB2
,,,,,,,,54.769284,8.350713636,1.556044744,Image_6,PB2
,,,,,,,,110.083536,11.83903338,0,Image_6,PB2
,,,,,,,,"50,00",7.978845608,0,Image_6,PB2
,,,,,,,,87.739848,10.569477,0,Image_6,PB2
,,,,,,,,59.673996,8.716610092,0,Image_7,PB2
,,,,,,,,56.676672,8.494879637,NA,Image_7,PB2
,,,,,,,,56.949156,8.515275536,10.8783552,Image_7,PB2
,,,,,,,,7.084584,3.003393498,3.044241355,Image_7,PB2
,,,,,,,,68.938452,9.368840016,0,Image_7,PB2
,,,,,,,,"236,00",17.33448968,0,Image_7,PB2
,,,,,,,,"159,00",14.22831992,0,Image_7,PB2
,,,,,,,,85.015008,10.40406027,0,Image_7,PB2
,,,,,,,,"293,00",19.31474014,0,Image_7,PB2
,,,,,,,,79.565328,10.06507437,13.14143287,Image_7,PB2
,,,,,,,,3.814776,2.203888304,9.788215597,Image_7,PB2
,,,,,,,,107.358696,11.69159259,0,Image_7,PB2
,,,,,,,,104.633856,11.54226855,0,Image_7,PB2
,,,,,,,,"338,00",20.74499858,0,Image_7,PB2
,,,,,,,,"296,00",19.41336924,0,Image_7,PB2
,,,,,,,,"118,00",12.2573352,6.76914E-01,Image_7,PB2
,,,,,,,,26.703432,5.83094037,7.01276E-01,Image_7,PB2
,,,,,,,,"232,00",17.18695943,0,Image_7,PB2
,,,,,,,,40.055148,7.141414314,5.143284939,Image_7,PB2
,,,,,,,,21.253752,5.202030135,2.0197519,Image_7,PB2
,,,,,,,,44.95986,7.566020862,6.123220022,Image_7,PB2
,,,,,,,,52.044444,8.140334403,5.18519974,Image_7,PB2
,,,,,,,,43.052472,7.403790235,0,Image_7,PB2
,,,,,,,,38.14776,6.96930675,NA,Image_7,PB2
,,,,,,,,54.4968,8.329914815,6.655865767,Image_7,PB2
,,,,,,,,"169,00",14.66892917,0,Image_7,PB2
,,,,,,,,27.2484,5.890139252,0,Image_7,PB2
,,,,,,,,58.856544,8.656701409,2.656686359,Image_7,PB2
,,,,,,,,33.788016,6.558981484,2.312568214,Image_7,PB2
,,,,,,,,24.796044,5.618834735,0,Image_7,PB2
,,,,,,,,101.909016,11.39098719,0,Image_8,PB2
,,,,,,,,"189,00",15.51264884,0,Image_8,PB2
,,,,,,,,64.578708,9.06775412,7.64551E-01,Image_8,PB2
,,,,,,,,46.867248,7.724845209,1.343042559,Image_8,PB2
,,,,,,,,67.031064,9.238322435,0,Image_8,PB2
,,,,,,,,67.576032,9.27580057,0,Image_8,PB2
,,,,,,,,"253,00",17.94796938,0,Image_8,PB2
,,,,,,,,68.665968,9.350306189,0,Image_8,PB2
,,,,,,,,49.864572,7.96803269,0,Image_8,PB2
,,,,,,,,70.573356,9.479282023,0,Image_8,PB2
,,,,,,,,"202,00",16.03728119,0,Image_8,PB2
,,,,,,,,74.9331,9.767690931,2.97032E-01,Image_8,PB2
,,,,,,,,50.954508,8.054644286,0,Image_8,PB2
,,,,,,,,"223,00",16.85029431,0,Image_8,PB2
,,,,,,,,60.491448,8.776109828,1.57909E-01,Image_8,PB2
,,,,,,,,50.954508,8.054644286,0,Image_8,PB2
,,,,,,,,49.04712,7.902451059,0,Image_8,PB2
,,,,,,,,"162,00",14.36192209,0,Image_8,PB2
,,,,,,,,37.330308,6.894231238,1.254950709,Image_8,PB2
,,,,,,,,76.568004,9.873672597,1.344590099,Image_8,PB2
,,,,,,,,28.338336,6.006786997,1.10426886,Image_8,PB2
,,,,,,,,33.243048,6.505871448,7.976284178,Image_8,PB2
,,,,,,,,42.507504,7.356781568,NA,Image_8,PB2
,,,,,,,,26.158464,5.771134273,5.314070343,Image_8,PB2
,,,,,,,,20.981268,5.168576218,NA,Image_8,PB2
,,,,,,,,42.779988,7.380323329,3.349078664,Image_8,PB2
,,,,,,,,12.26178,3.951225529,NA,Image_8,PB2
,,,,,,,,"130,00",12.86550197,0,Image_8,PB2
,,,,,,,,17.983944,4.785171749,1.900151093,Image_8,PB2
,,,,,,,,92.099592,10.82888926,0,Image_8,PB2
,,,,,,,,44.95986,7.566020862,0,Image_9,PB2
,,,,,,,,"164,00",14.45030399,0,Image_9,PB2
,,,,,,,,"112,00",11.94164264,0,Image_9,PB2
,,,,,,,,32.425596,6.425383342,2.86164E-01,Image_9,PB2
,,,,,,,,36.240372,6.792839962,6.03675E-01,Image_9,PB2
,,,,,,,,46.32228,7.679801996,1.210901855,Image_9,PB2
,,,,,,,,31.608144,6.343874122,0,Image_9,PB2
,,,,,,,,27.2484,5.890139252,6.34322E-01,Image_9,PB2
,,,,,,,,32.153112,6.398328976,1.805608328,Image_9,PB2
,,,,,,,,"101,00",11.34007028,2.76775E-01,Image_9,PB2
,,,,,,,,"111,00",11.88821221,0,Image_9,PB2
,,,,,,,,"112,00",11.94164264,0,Image_9,PB2
,,,,,,,,23.433624,5.462290431,2.83398E-01,Image_9,PB2
,,,,,,,,25.341012,5.680244588,0,Image_9,PB2
,,,,,,,,"129,00",12.81592374,5.68047387,Image_9,PB2
,,,,,,,,66.75858,9.219526235,5.772664347,Image_9,PB2
,,,,,,,,64.851192,9.086864265,1.510536631,Image_9,PB2
,,,,,,,,26.430948,5.801114393,7.944068082,Image_9,PB2
,,,,,,,,19.891332,5.032537183,8.055726073,Image_9,PB2
,,,,,,,,70.573356,9.479282023,7.51222E-01,Image_9,PB2
,,,,,,,,78.202908,9.978528698,6.398402729,Image_9,PB2
,,,,,,,,0.544968,8.32991E-01,7.711113083,Image_9,PB2
,,,,,,,,"366,00",21.58716455,0,Image_9,PB2
,,,,,,,,89.647236,10.68374494,0,Image_9,PB2
,,,,,,,,"252,00",17.91246396,0,Image_9,PB2
,,,,,,,,53.406864,8.246194953,0,Image_9,PB2
,,,,,,,,"136,00",13.15904928,NA,Image_9,PB2
,,,,,,,,41.417568,7.261851377,4.72761E-01,Image_9,PB2
,,,,,,,,37.330308,6.894231238,3.81487E-01,Image_9,PB2
,,,,,,,,49.592088,7.946232286,0,Image_9,PB2
,,,,,,,,58.039092,8.596375229,0,Image_9,PB2
,,,,,,,,49.592088,7.946232286,0,Image_9,PB2
,,,,,,,,67.303548,9.257080469,0,Image_9,PB2
,,,,,,,,62.67132,8.93283846,8.55071854,Image_9,PB2
,,,,,,,,20.981268,5.168576218,0,Image_9,PB2
,,,,,,,,"135,00",13.11058117,0,Image_10,PB2
,,,,,,,,60.218964,8.756321506,5.81132E-01,Image_10,PB2
,,,,,,,,42.779988,7.380323329,4.241934431,Image_10,PB2
,,,,,,,,31.608144,6.343874122,5.587159898,Image_10,PB2
,,,,,,,,16.34904,4.562482246,6.84097E-01,Image_10,PB2
,,,,,,,,22.888656,5.398401795,0,Image_10,PB2
,,,,,,,,"92,00",10.82303276,6.003640706,Image_10,PB2
,,,,,,,,73.025712,9.642573531,4.1889E-01,Image_10,PB2
,,,,,,,,66.486096,9.200691637,0,Image_10,PB2
,,,,,,,,"232,00",17.18695943,1.703404332,Image_10,PB2
,,,,,,,,30.790692,6.261303911,2.157819821,Image_10,PB2
,,,,,,,,"74,00",9.70668462,2.504442212,Image_10,PB2
,,,,,,,,23.16114,5.43044007,3.439485231,Image_10,PB2
,,,,,,,,63.488772,8.99090736,5.559860465,Image_10,PB2
,,,,,,,,40.055148,7.141414314,0,Image_10,PB2
,,,,,,,,61.581384,8.854820909,0,Image_10,PB2
,,,,,,,,36.512856,6.818329132,1.996164704,Image_10,PB2
,,,,,,,,"259,00",18.1595441,0,Image_10,PB2
,,,,,,,,"236,00",17.33448968,0,Image_10,PB2
,,,,,,,,77.112972,9.908747921,2.587637876,Image_10,PB2
,,,,,,,,58.311576,8.616530884,0,Image_10,PB2
,,,,,,,,70.028388,9.442611548,4.13768E-01,Image_10,PB2
,,,,,,,,61.036416,8.815553217,3.904375373,Image_10,PB2
,,,,,,,,1.907388,1.558384365,4.49183E-01,Image_10,PB2
,,,,,,,,"223,00",16.85029431,0,Image_10,PB2
,,,,,,,,59.673996,8.716610092,0,Image_10,PB2
,,,,,,,,43.869924,7.473748863,0,Image_10,PB2
,,,,,,,,44.95986,7.566020862,4.615264027,Image_10,PB2
,,,,,,,,44.142408,7.496923333,2.980659966,Image_10,PB2
,,,,,,,,145.233972,13.59844243,3.397963969,Image_10,PB2
,,,,,,,,59.673996,8.716610092,2.32603E-01,Image_10,PB2
,,,,,,,,65.123676,9.105934306,1.29539E-01,Image_10,PB2
,,,,,,,,53.406864,8.246194953,3.246638306,Image_10,PB2
,,,,,,,,"16,00",4.513516668,1.792701806,Image_10,PB2
,,,,,,,,"83,00",10.28002345,2.079880992,Image_10,PB2
,,,,,,,,"28,00",5.970821321,0,Image_10,PB2
,,,,,,,,149.593716,13.80103746,0,Image_11,PB2
,,,,,,,,73.57068,9.678486406,5.047852701,Image_11,PB2
,,,,,,,,1.634904,1.442783568,5.868754139,Image_11,PB2
,,,,,,,,"345,00",20.95871282,3.80803227,Image_11,PB2
,,,,,,,,81.200232,10.16795685,5.756463695,Image_11,PB2
,,,,,,,,5.177196,2.567452176,7.591464676,Image_11,PB2
,,,,,,,,96.73182,11.0978727,6.4477595,Image_11,PB2
,,,,,,,,45.777312,7.634493034,0,Image_11,PB2
,,,,,,,,56.676672,8.494879637,0,Image_11,PB2
,,,,,,,,60.763932,8.795853632,2.08427533,Image_11,PB2
,,,,,,,,8.719488,3.331965926,0,Image_11,PB2
,,,,,,,,"136,00",13.15904928,0,Image_11,PB2
,,,,,,,,32.69808,6.452324271,0,Image_11,PB2
,,,,,,,,34.332984,6.611664913,0,Image_11,PB2
,,,,,,,,"133,00",13.01310338,0,Image_11,PB2
,,,,,,,,46.32228,7.679801996,7.28934E-01,Image_11,PB2
,,,,,,,,53.679348,8.267204401,4.744545702,Image_11,PB2
,,,,,,,,34.332984,6.611664913,0,Image_11,PB2
,,,,,,,,"125,00",12.61566261,9.487913448,Image_11,PB2
,,,,,,,,20.981268,5.168576218,NA,Image_11,PB2
,,,,,,,,45.504828,7.611737416,0,Image_11,PB2
,,,,,,,,"302,00",19.60913926,0,Image_11,PB2
,,,,,,,,77.930424,9.961129332,5.83848E-01,Image_11,PB2
,,,,,,,,80.110296,10.09948498,1.215791201,Image_11,PB2
,,,,,,,,122.345316,12.48098131,NA,Image_11,PB2
,,,,,,,,100.001628,11.28388352,0,Image_11,PB2
,,,,,,,,"207,00",16.23454914,0,Image_11,PB2
,,,,,,,,53.13438,8.225131841,0,Image_11,PB2
,,,,,,,,"212,00",16.42944867,0,Image_11,PB2
,,,,,,,,32.153112,6.398328976,7.532909115,Image_12,PB2
,,,,,,,,34.0605,6.585375882,0,Image_12,PB2
,,,,,,,,"121,00",12.41217084,6.815118219,Image_12,PB2
,,,,,,,,5.994648,2.762720198,4.546036292,Image_12,PB2
,,,,,,,,40.8726,7.213917841,7.146553396,Image_12,PB2
,,,,,,,,18.801396,4.892717127,6.179053188,Image_12,PB2
,,,,,,,,22.888656,5.398401795,1.822917218,Image_12,PB2
,,,,,,,,"6,00",2.763953196,3.499430882,Image_12,PB2
,,,,,,,,30.245724,6.205646772,3.394067725,Image_12,PB2
,,,,,,,,58.58406,8.636639502,1.915968639,Image_12,PB2
,,,,,,,,49.319604,7.924371908,NA,Image_12,PB2
,,,,,,,,40.055148,7.141414314,0,Image_12,PB2
,,,,,,,,"68,00",9.304852983,3.549750157,Image_12,PB2
,,,,,,,,"131,00",12.91488987,0,Image_12,PB2
,,,,,,,,26.703432,5.83094037,0,Image_12,PB2
,,,,,,,,"153,00",13.95727948,0,Image_12,PB2
,,,,,,,,38.14776,6.96930675,11.03859532,Image_12,PB2
,,,,,,,,43.59744,7.450502309,1.043902119,Image_12,PB2
,,,,,,,,54.4968,8.329914815,0,Image_12,PB2
,,,,,,,,13.079232,4.080808179,6.162780504,Image_12,PB2
,,,,,,,,13.351716,4.123097477,NA,Image_12,PB2
,,,,,,,,66.213612,9.181818404,3.931721765,Image_12,PB2
,,,,,,,,23.16114,5.43044007,3.828535557,Image_12,PB2
,,,,,,,,47.6847,7.791921824,0,Image_12,PB2
,,,,,,,,"182,00",15.22266722,3.634562334,Image_12,PB2
,,,,,,,,14.441652,4.288086102,11.35908362,Image_12,PB2
,,,,,,,,88.5573,10.61859955,1.703095098,Image_12,PB2
,,,,,,,,"102,00",11.39607097,NA,Image_12,PB2
,,,,,,,,2.997324,1.953538186,0,Image_12,PB2
,,,,,,,,44.142408,7.496923333,5.15808476,Image_13,PB2
,,,,,,,,"13,00",4.068428945,7.142682919,Image_13,PB2
,,,,,,,,16.34904,4.562482246,3.571493213,Image_13,PB2
,,,,,,,,88.5573,10.61859955,3.413821854,Image_13,PB2
,,,,,,,,"13,00",4.068428945,5.712535696,Image_13,PB2
,,,,,,,,"171,00",14.75547228,3.869691517,Image_13,PB2
,,,,,,,,63.761256,9.010180495,0,Image_13,PB2
,,,,,,,,"205,00",16.15593101,0,Image_13,PB2
,,,,,,,,17.438976,4.712111402,5.936374076,Image_13,PB2
,,,,,,,,"28,00",5.970821321,NA,Image_13,PB2
,,,,,,,,50.954508,8.054644286,1.8033472,Image_13,PB2
,,,,,,,,7.902036,3.171937061,9.254813839,Image_13,PB2
,,,,,,,,38.420244,6.994152842,1.2035E-01,Image_13,PB2
,,,,,,,,36.240372,6.792839962,0,Image_13,PB2
,,,,,,,,48.502152,7.858425919,NA,Image_13,PB2
,,,,,,,,27.793368,5.948749047,NA,Image_13,PB2
,,,,,,,,136.242,13.17075176,NA,Image_13,PB2
,,,,,,,,262,18.26441241,0,Image_13,PB2
,,,,,,,,164,14.45030399,0,Image_13,PB2
,,,,,,,,41.145084,7.237924289,1.215694688,Image_13,PB2
,,,,,,,,237,17.37117647,0,Image_13,PB2
,,,,,,,,14.714136,4.328350705,6.622528802,Image_13,PB2
,,,,,,,,86.104944,10.47054056,8.458342992,Image_13,PB2
,,,,,,,,53.951832,8.288160593,5.9333E-01,Image_13,PB2
,,,,,,,,31.063176,6.288947771,7.571502508,Image_13,PB2
,,,,,,,,45.232344,7.588913564,0,Image_13,PB2
,,,,,,,,35.150436,6.689912191,NA,Image_14,PB2
,,,,,,,,14.98662,4.368244181,4.634861455,Image_14,PB2
,,,,,,,,7.902036,3.171937061,2.318218786,Image_14,PB2
,,,,,,,,56,8.444016491,1.969964923,Image_14,PB2
,,,,,,,,42.779988,7.380323329,1.449569245,Image_14,PB2
,,,,,,,,182,15.22266722,2.71571E-01,Image_14,PB2
,,,,,,,,79.837812,10.08229435,0,Image_14,PB2
,,,,,,,,54.4968,8.329914815,4.533784633,Image_14,PB2
,,,,,,,,7.902036,3.171937061,3.78655E-01,Image_14,PB2
,,,,,,,,205,16.15593101,NA,Image_14,PB2
,,,,,,,,74.660616,9.749915319,6.65733101,Image_14,PB2
,,,,,,,,3.269808,2.04040409,3.892857523,Image_14,PB2
,,,,,,,,22.616172,5.366172243,3.194532406,Image_14,PB2
,,,,,,,,32.69808,6.452324271,0,Image_14,PB2
,,,,,,,,174,14.88434348,0,Image_14,PB2
,,,,,,,,64,9.027033337,7.176196757,Image_14,PB2
,,,,,,,,40.055148,7.141414314,1.75174162,Image_14,PB2
,,,,,,,,49.319604,7.924371908,0,Image_14,PB2
,,,,,,,,130,12.86550197,0,Image_14,PB2
,,,,,,,,18.256428,4.821286766,11.46614904,Image_14,PB2
,,,,,,,,35.967888,6.767254786,2.390634818,Image_14,PB2
,,,,,,,,24.52356,5.587876732,1.32896376,Image_14,PB2
,,,,,,,,192,15.63528038,0,Image_14,PB2
,,,,,,,,48.774636,7.880469233,4.382843762,Image_14,PB2
,,,,,,,,168,14.62546558,0,Image_14,PB2
,,,,,,,,69.48342,9.405798108,0,Image_14,PB2
,,,,,,,,150,13.81976598,0,Image_14,PB2
,,,,,,,,173,14.84151075,0,Image_14,PB2
,,,,,,,,77.65794,9.943699521,1.719343865,Image_14,PB2
,,,,,,,,31.880628,6.371159728,0,Image_14,PB2
,,,,,,,,171,14.75547228,NA,Image_15,PB2
,,,,,,,,94.279464,10.95629234,4.937085068,Image_15,PB2
,,,,,,,,38.14776,6.96930675,0,Image_15,PB2
,,,,,,,,146,13.63425735,0,Image_15,PB2
,,,,,,,,25.341012,5.680244588,2.224950814,Image_15,PB2
,,,,,,,,86,10.46415791,5.346428645,Image_15,PB2
,,,,,,,,248,17.76973289,0,Image_15,
,,,,,,,,61.853868,8.874389598,3.695787002,Image_15,
,,,,,,,,304,19.67396304,0,Image_15,
,,,,,,,,47.139732,7.74726861,1.053885444,Image_15,
,,,,,,,,287,19.11595536,0,Image_15,
,,,,,,,,228,17.03815178,NA,Image_15,
,,,,,,,,59.673996,8.716610092,0,Image_15,
,,,,,,,,39.237696,7.068167103,0,Image_15,
,,,,,,,,204,16.11647812,NA,Image_15,
,,,,,,,,210,16.35176762,0,Image_15,
,,,,,,,,46,7.653039857,1.85621E-02,Image_15,
,,,,,,,,10.354392,3.630925689,1.43142131,Image_15,
,,,,,,,,360,21.40948939,0,Image_15,
,,,,,,,,200,15.95769122,0,Image_15,
,,,,,,,,175,14.9270533,3.059662088,Image_15,
,,,,,,,,35.695404,6.741572512,2.614361306,Image_15,
,,,,,,,,73.57068,9.678486406,1.526445578,Image_15,
,,,,,,,,110.35602,11.85367659,0,Image_15,
,,,,,,,,121.25538,12.42526236,0,Image_15,
,,,,,,,,112.808376,11.98466042,10.2776517,Image_15,
,,,,,,,,7.357068,3.060606135,0,Image_15,
,,,,,,,,97,11.11324596,4.93407E-01,Image_16,
,,,,,,,,52.861896,8.204014651,0,Image_16,
,,,,,,,,140,13.35116236,0,Image_16,
,,,,,,,,18.801396,4.892717127,3.4780821,Image_16,
,,,,,,,,44.142408,7.496923333,6.153606402,Image_16,
,,,,,,,,63.761256,9.010180495,0,Image_16,
,,,,,,,,91,10.76405122,0,Image_16,
,,,,,,,,133.789644,13.05167673,0,Image_16,
,,,,,,,,11.716812,3.862422605,5.000011695,Image_16,
,,,,,,,,129.974868,12.86425831,9.19498E-01,Image_16,
,,,,,,,,40.8726,7.213917841,0,Image_16,
,,,,,,,,186,15.3890401,0,Image_16,