Image_Name,Mask_ID,Centroid_X,Centroid_Y,Area,Equivalent_Diameter
X200_15492_PB2.tif,212,634.2830188679245,315.64150943396226,159,14.228319915327
X200_15492_PB1.tif,239,633.7747747747748,320.2972972972973,111,11.888212206450683
X200_15492_PB2.tif,272,633.490625,312.640625,320,20.185060176161283
X200_15492_PB2.tif,1243,633.3123644251627,315.16052060737525,461,24.22732816723524
X200_15492_PB1.tif,171,632.7636363636364,321.07272727272726,55,8.368283871884005
X200_15492_PB1.tif,379,631.875,318.875,8,3.1915382432114616
X200_15492_PB1.tif,295,629.9235668789809,320.3630573248408,157,14.13855043925722
X200_15492_PB2.tif,951,628.7989130434783,322.2934782608696,184,15.306079714651624
X200_15492_PB2.tif,138,627.9162303664922,313.1465968586388,191,15.594510349620345
X200_15492_PB1.tif,697,626.7587939698492,320.59798994974875,199,15.91774699517169
X200_15492_PB1.tif,874,623.1076923076923,317.4076923076923,260,18.19456736586892
X200_15492_PB1.tif,1052,622.3342391304348,319.5434782608696,368,21.64606551922404
X200_15492_PB2.tif,312,620.6915887850467,315.74766355140184,214,16.50676414605009
X200_15492_PB1.tif,341,620.4666666666667,320.0,15,4.370193722368317
X200_15492_PB1.tif,245,619.4148936170212,312.4574468085106,94,10.94004191971426
X200_15492_PB2.tif,314,619.3674698795181,315.132530120482,166,14.538148590038452
X200_15492_PB1.tif,345,619.2931034482758,312.5689655172414,174,14.884343478431232
X200_15492_PB2.tif,279,618.0344827586207,313.32183908045977,87,10.524820207108489
X200_15492_PB2.tif,217,615.6407766990292,313.88349514563106,103,11.451797811161432
X200_15492_PB1.tif,214,612.5947136563876,317.6167400881057,227,17.000746355818674
X200_15492_PB2.tif,691,612.0855263157895,315.26973684210526,152,13.911592676604096
X200_15492_PB1.tif,963,610.0498084291188,317.8927203065134,261,18.229523339239496
X200_15492_PB2.tif,995,607.2335329341317,320.98802395209583,334,20.62188177498708
X200_15492_PB2.tif,643,606.809375,315.18125,320,20.185060176161283
X200_15492_PB2.tif,285,606.5730994152046,320.3157894736842,171,14.755472278097804
X200_15492_PB1.tif,266,605.18,318.75,200,15.957691216057308
X200_15492_PB2.tif,305,604.6210526315789,314.5421052631579,190,15.553633450087505
X200_15492_PB1.tif,827,604.2940199335549,315.8455149501661,602,27.685559519911603
X200_15492_PB1.tif,1409,600.5236593059936,321.4794952681388,317,20.090219901261573
X200_15492_PB1.tif,358,600.3076923076923,320.8884615384615,260,18.19456736586892
X200_15492_PB1.tif,242,598.8333333333334,322.3627450980392,102,11.396070970426017
X200_15492_PB1.tif,299,598.0877192982456,321.05263157894734,171,14.755472278097804
X200_15492_PB1.tif,1233,597.5874587458746,321.5643564356436,303,19.64157789116634
X200_15492_PB1.tif,1221,597.5670103092783,321.98625429553266,291,19.248706645328987
X200_15492_PB1.tif,212,597.1368821292775,314.00760456273764,263,18.29923496393627
X200_15492_PB2.tif,335,591.540192926045,312.63344051446944,311,19.899183360445612
X200_15492_PB1.tif,339,591.2121212121212,319.8727272727273,165,14.494292838262302
X200_15492_PB2.tif,309,590.2356687898089,313.90445859872614,157,14.13855043925722
X200_15492_PB2.tif,282,589.5852272727273,319.48295454545456,176,14.96964127403822
X200_15492_PB1.tif,243,588.9821428571429,313.3928571428572,112,11.941642642883693
X200_15492_PB2.tif,143,586.2574257425742,315.53465346534654,101,11.340070282773889
X200_15492_PB1.tif,235,585.972972972973,319.92792792792795,111,11.888212206450683
X200_15492_PB1.tif,214,585.3426573426574,312.75524475524475,143,13.49345229721172
X200_15492_PB1.tif,355,585.0728476821192,316.3841059602649,151,13.86575534383214
X200_15492_PB1.tif,268,584.6753246753246,318.8766233766234,154,14.002817212590296
X200_15492_PB1.tif,1409,582.8157894736842,320.2894736842105,38,6.955796338302048
X200_15492_PB1.tif,346,582.1758241758242,317.06043956043953,182,15.222667215103916
X200_15492_PB2.tif,265,581.9672131147541,318.9672131147541,183,15.26443044094783
X200_15492_PB1.tif,298,581.797520661157,318.9586776859504,242,17.55346033766304
X200_15492_PB1.tif,549,578.2905405405405,312.8243243243243,148,13.727325035155395
X200_15492_PB1.tif,558,576.4948453608248,312.5154639175258,97,11.11324596323283
X200_15492_PB2.tif,1046,576.375939849624,314.187969924812,133,13.013103375051497
X200_15492_PB2.tif,806,576.3613445378152,312.8151260504202,238,17.407785949022028
X200_15492_PB2.tif,1051,576.0064935064935,314.3766233766234,154,14.002817212590296
X200_15492_PB1.tif,1247,575.2857142857143,314.5527950310559,161,14.317526556719258
X200_15492_PB2.tif,334,575.0,319.0134228187919,149,13.773623058786647
X200_15492_PB1.tif,298,574.9034090909091,321.66477272727275,176,14.96964127403822
X200_15492_PB1.tif,1114,574.8253275109171,321.94323144104806,229,17.075475271404667
X200_15492_PB2.tif,192,573.2307692307693,319.53846153846155,13,4.068428945128219
X200_15492_PB1.tif,319,573.1111111111111,320.94444444444446,18,4.787307364817192
X200_15492_PB2.tif,194,572.8947368421053,319.2105263157895,19,4.918490759365935
X200_15492_PB2.tif,288,572.4568965517242,319.3965517241379,116,12.153015559492998
X200_15492_PB1.tif,281,572.2985074626865,320.3731343283582,67,9.23618154310838
X200_15492_PB1.tif,353,572.2204301075269,312.8279569892473,186,15.389040103942165
X200_15492_PB1.tif,1170,571.8805970149253,312.9004975124378,201,15.99753570059363
X200_15492_PB1.tif,354,571.5289855072464,313.5,138,13.255453865237978
X200_15492_PB1.tif,1133,570.7818181818182,313.2909090909091,55,8.368283871884005
X200_15492_PB1.tif,311,569.9736842105264,314.92105263157896,114,12.047792665040705
X200_15492_PB2.tif,689,569.829268292683,315.5609756097561,246,17.697935698969246
X200_15492_PB2.tif,266,569.0718232044198,318.1270718232044,181,15.180789096653193
X200_15492_PB2.tif,967,568.9619565217391,321.1059782608696,368,21.64606551922404
X200_15492_PB1.tif,741,568.2284263959391,315.7817258883249,197,15.837556323903858
X200_15492_PB2.tif,881,567.5264367816092,312.6413793103448,435,23.534213434057992
X200_15492_PB1.tif,303,566.7922077922078,313.5194805194805,154,14.002817212590296
X200_15492_PB2.tif,211,564.2540983606557,313.14207650273227,366,21.587164551489145
X200_15492_PB2.tif,736,560.1466083150984,321.16192560175057,457,24.121991458915023
X200_15492_PB2.tif,933,558.5804195804196,321.1888111888112,286,19.08262324195121
X200_15492_PB2.tif,286,558.4561403508771,319.9122807017544,114,12.047792665040705
X200_15492_PB1.tif,1186,558.3723653395784,321.8454332552693,427,23.31680264534386
X200_15492_PB2.tif,335,558.3435582822086,318.9447852760736,163,14.406180819073164
X200_15492_PB1.tif,950,557.8432055749129,313.50522648083626,287,19.11595536035256
X200_15492_PB1.tif,993,555.8691275167786,322.3422818791946,298,19.47884453275087
X200_15492_PB2.tif,267,554.2734375,320.9609375,128,12.766152972845846
X200_15492_PB2.tif,350,551.6842105263158,320.5,76,9.83698151873187
X200_15492_PB2.tif,142,549.7643979057592,315.35078534031413,191,15.594510349620345
X200_15492_PB2.tif,651,548.7463235294117,316.87867647058823,272,18.609705966725112
X200_15492_PB1.tif,1310,547.0281690140845,314.4366197183099,213,16.46815177937675
X200_15492_PB1.tif,1292,546.9328537170264,318.43645083932853,417,23.04215463350949
X200_15492_PB2.tif,873,546.5189873417721,319.5443037974684,79,10.02925341359355
X200_15492_PB2.tif,883,543.513986013986,313.73776223776224,286,19.08262324195121
X200_15492_PB2.tif,1012,542.5370370370371,319.3395061728395,162,14.361922094451575
X200_15492_PB1.tif,889,541.4195804195804,312.6223776223776,143,13.49345229721172
X200_15492_PB1.tif,673,540.3103448275862,314.01149425287355,87,10.524820207108489
X200_15492_PB1.tif,979,540.1966527196653,318.35146443514645,239,17.44431859350499
X200_15492_PB1.tif,1063,540.0978260869565,313.2717391304348,92,10.82303275961202
X200_15492_PB1.tif,376,539.5107398568019,320.00477326968974,419,23.09734550211416
X200_15492_PB1.tif,1250,537.9624060150376,315.3157894736842,133,13.013103375051497
X200_15492_PB1.tif,1038,537.6451612903226,313.2741935483871,62,8.884866446580956
X200_15492_PB2.tif,961,535.2962962962963,320.28395061728395,81,10.155412503859614
X200_15492_PB1.tif,716,534.9324324324324,321.6621621621622,148,13.727325035155395
X200_15492_PB2.tif,723,533.99,316.4,100,11.283791670955123
X200_15492_PB1.tif,956,530.3372781065088,320.43195266272187,169,14.668929172241665
X200_15492_PB2.tif,1002,529.0,318.7175572519084,131,12.914889870235298
X200_15492_PB2.tif,488,528.4162679425838,317.2870813397129,209,16.312788383647018
X200_15492_PB2.tif,888,528.2456140350877,321.17543859649123,57,8.51907589177983
X200_15492_PB2.tif,706,526.3367697594501,314.36082474226805,291,19.248706645328987
X200_15492_PB2.tif,884,524.8642297650131,314.3028720626632,383,22.08281561833924
X200_15492_PB2.tif,1000,524.152610441767,321.5140562248996,249,17.805522925178455
X200_15492_PB2.tif,617,523.9878048780488,313.3963414634146,164,14.450303987687134
X200_15492_PB1.tif,1016,521.7038961038961,317.2597402597403,385,22.140398025397776
X200_15492_PB1.tif,853,519.2307692307693,315.46153846153845,247,17.733870630789692
X200_15492_PB1.tif,733,519.1354166666666,315.140625,192,15.635280380893438
X200_15492_PB1.tif,877,517.457627118644,318.51271186440675,236,17.334489682638438
X200_15492_PB1.tif,949,516.8888888888889,314.87179487179486,117,12.205286835384658
X200_15492_PB1.tif,799,516.8350515463917,314.2216494845361,194,15.716503163191918
X200_15492_PB1.tif,376,516.8125,314.9375,16,4.51351666838205
X200_15492_PB1.tif,551,516.0892857142857,321.1488095238095,168,14.625465582862905
X200_15492_PB2.tif,1003,515.7663551401869,319.6542056074766,107,11.67204486311899
X200_15492_PB2.tif,729,515.1410256410256,319.5128205128205,78,9.965574970333758
X200_15492_PB2.tif,709,515.0422535211268,314.7464788732394,71,9.507891862878784
X200_15492_PB2.tif,876,514.9752066115702,320.27272727272725,121,12.412170838050638
X200_15492_PB2.tif,683,514.8082191780821,318.09589041095893,146,13.63425735166143
X200_15492_PB1.tif,698,514.5357142857143,321.9642857142857,28,5.970821321441846
X200_15492_PB2.tif,522,511.67123287671234,312.6438356164384,73,9.640875829802336
X200_15492_PB2.tif,523,511.4404761904762,312.5357142857143,84,10.34176589165282
X200_15492_PB2.tif,934,509.81640625,312.798828125,512,25.532305945691693
X200_15492_PB2.tif,871,509.2723214285714,318.6830357142857,224,16.88803298257901
X200_15492_PB1.tif,1261,506.9583333333333,318.0700757575757,528,25.928179257714294
X200_15492_PB2.tif,1282,504.2051756007394,321.7578558225508,541,26.24542995840844
X200_15492_PB2.tif,1006,503.6923076923077,320.12820512820514,117,12.205286835384658
X200_15492_PB2.tif,705,501.1845637583893,317.6241610738255,298,19.47884453275087
X200_15492_PB2.tif,492,499.2900763358778,318.91603053435114,131,12.914889870235298
X200_15492_PB2.tif,722,498.2028985507246,316.71014492753625,69,9.373021315815206
X200_15492_PB1.tif,1093,497.8734939759036,313.6927710843373,166,14.538148590038452
X200_15492_PB1.tif,1241,495.8595041322314,319.11570247933884,242,17.55346033766304
X200_15492_PB1.tif,882,495.8349514563107,312.75728155339806,103,11.451797811161432
X200_15492_PB1.tif,573,495.7801418439717,321.2340425531915,141,13.398760233979036
X200_15492_PB1.tif,1280,495.6545454545454,312.8424242424242,165,14.494292838262302
X200_15492_PB1.tif,956,495.4509803921569,321.0882352941176,102,11.396070970426017
X200_15492_PB2.tif,929,494.8802083333333,322.3385416666667,192,15.635280380893438
X200_15492_PB1.tif,985,494.483870967742,315.31182795698925,186,15.389040103942165
X200_15492_PB2.tif,873,494.19730941704034,317.99551569506724,223,16.85029431422316
X200_15492_PB2.tif,1213,493.6038338658147,317.038338658147,313,19.963065333312567
X200_15492_PB1.tif,672,488.6029411764706,314.2058823529412,136,13.159049284959082
X200_15492_PB2.tif,824,488.3529411764706,313.0065359477124,153,13.957279475043832
X200_15492_PB2.tif,623,487.8072289156627,321.1927710843373,83,10.280023453913834
X200_15492_PB2.tif,489,486.25698324022346,319.5810055865922,179,15.09668435477122
X200_15492_PB2.tif,899,484.6455026455026,318.1587301587302,189,15.512648837479231
X200_15492_PB1.tif,600,483.9477911646586,314.00803212851406,249,17.805522925178455
X200_15492_PB1.tif,1051,482.76630434782606,316.01630434782606,184,15.306079714651624
X200_15492_PB1.tif,571,481.9,319.4153846153846,130,12.865501965161371
X200_15492_PB2.tif,922,480.6751592356688,322.1910828025478,157,14.13855043925722
X200_15492_PB2.tif,875,478.11715481171547,313.72384937238496,239,17.44431859350499
X200_15492_PB2.tif,663,477.85093167701865,312.6832298136646,161,14.317526556719258
X200_15492_PB2.tif,1141,476.048128342246,313.9732620320856,187,15.430353037616328
X200_15492_PB1.tif,964,475.9441624365482,317.79695431472084,197,15.837556323903858
X200_15492_PB2.tif,1202,473.36206896551727,319.9080459770115,348,21.049640414216977
X200_15492_PB2.tif,943,470.5,317.5,4,2.256758334191025
X200_15492_PB1.tif,1129,469.8102766798419,314.4624505928854,253,17.94796937867892
X200_15492_PB2.tif,438,469.64130434782606,319.5923913043478,184,15.306079714651624
X200_15492_PB1.tif,848,469.1818181818182,318.0047846889952,209,16.312788383647018
X200_15492_PB1.tif,957,468.46613545816734,313.60956175298804,251,17.876888032555495
X200_15492_PB1.tif,1127,468.4173913043478,316.23478260869564,115,12.100518486599809
X200_15492_PB1.tif,808,467.9272727272728,314.05454545454546,55,8.368283871884005
X200_15492_PB2.tif,1065,467.6388888888889,315.3333333333333,108,11.726460285670075
X200_15492_PB1.tif,1270,467.5585106382979,318.6436170212766,188,15.471555655790098
X200_15492_PB2.tif,662,466.1079136690648,314.3093525179856,139,13.303394180365686
X200_15492_PB1.tif,1048,466.0691056910569,322.3130081300813,246,17.697935698969246
X200_15492_PB1.tif,744,465.5229357798165,315.0550458715596,109,11.780624362746345
X200_15492_PB1.tif,812,465.2986301369863,315.4876712328767,365,21.55765371807272
X200_15492_PB2.tif,1191,463.2638888888889,319.00694444444446,144,13.540550005146152
X200_15492_PB2.tif,743,462.890625,315.9010416666667,192,15.635280380893438
X200_15492_PB2.tif,392,462.4920634920635,313.1269841269841,189,15.512648837479231
X200_15492_PB2.tif,1105,462.05960264900665,316.55629139072846,151,13.86575534383214
X200_15492_PB2.tif,788,461.375,313.09166666666664,240,17.480774889473267
X200_15492_PB1.tif,966,459.69545454545454,316.45,220,16.73656774376801
X200_15492_PB2.tif,783,456.5433526011561,319.7514450867052,173,14.841510746523856
X200_15492_PB2.tif,1203,456.5264317180617,316.8502202643172,454,24.04268606686374
X200_15492_PB2.tif,828,456.3703703703704,319.1666666666667,54,8.291859587312052
X200_15492_PB1.tif,801,455.6917808219178,318.8150684931507,146,13.63425735166143
X200_15492_PB1.tif,734,455.2275641025641,316.8525641025641,312,19.93114994066752
X200_15492_PB1.tif,729,455.1220930232558,315.5174418604651,172,14.798554040663838
X200_15492_PB1.tif,1272,454.5438596491228,314.5701754385965,114,12.047792665040705
X200_15492_PB2.tif,738,452.65829145728645,321.5628140703517,199,15.91774699517169
X200_15492_PB1.tif,978,450.7511520737327,313.8018433179723,217,16.622063085174787
X200_15492_PB1.tif,1072,450.34705882352944,318.59411764705885,170,14.712264360219256
X200_15492_PB1.tif,1119,449.67977528089887,315.8370786516854,178,15.054455784347004
X200_15492_PB2.tif,543,449.4111111111111,314.77777777777777,180,15.13879513212096
X200_15492_PB2.tif,986,448.688995215311,316.8995215311005,209,16.312788383647018
X200_15492_PB1.tif,800,442.856,315.72,125,12.6156626101008
X200_15492_PB2.tif,917,442.4029850746269,320.7313432835821,67,9.23618154310838
X200_15492_PB2.tif,960,441.6923076923077,319.9230769230769,13,4.068428945128219
X200_15492_PB2.tif,786,441.4923076923077,318.4153846153846,130,12.865501965161371
X200_15492_PB1.tif,602,441.4867256637168,321.3053097345133,226,16.96325844612841
X200_15492_PB1.tif,549,441.3809523809524,321.5238095238095,63,8.95623198216277
X200_15492_PB1.tif,814,440.5925925925926,320.44444444444446,27,5.863230142835039
X200_15492_PB2.tif,641,439.09547738693465,314.0050251256281,199,15.91774699517169
X200_15492_PB1.tif,561,438.4605263157895,318.0625,304,19.67396303746374
X200_15492_PB1.tif,1224,438.4341463414634,316.2878048780488,205,16.15593100600236
X200_15492_PB1.tif,806,437.3716216216216,316.2364864864865,148,13.727325035155395
X200_15492_PB2.tif,1236,435.7335907335908,316.6023166023166,259,18.15954410458608
X200_15492_PB2.tif,1198,435.67487684729065,317.88669950738915,203,16.07692842495848
X200_15492_PB2.tif,1220,435.1725352112676,319.57394366197184,284,19.015783725757565
X200_15492_PB2.tif,795,427.9457831325301,319.19879518072287,166,14.538148590038452
X200_15492_PB2.tif,393,426.25384615384615,315.7846153846154,130,12.865501965161371
X200_15492_PB2.tif,616,425.40441176470586,318.9852941176471,136,13.159049284959082
X200_15492_PB1.tif,960,425.00625,320.2625,160,14.27299292922217
X200_15492_PB1.tif,1143,424.4852941176471,312.72058823529414,68,9.304852983362556
X200_15492_PB2.tif,929,424.1,322.24,100,11.283791670955123
X200_15492_PB1.tif,807,423.8982035928144,313.8023952095808,167,14.581872443920645
X200_15492_PB2.tif,740,423.3103448275862,319.1465517241379,116,12.153015559492998
X200_15492_PB2.tif,739,422.5267857142857,320.8928571428572,112,11.941642642883693
X200_15492_PB1.tif,739,421.9732142857143,313.36607142857144,112,11.941642642883693
X200_15492_PB1.tif,545,421.3333333333333,319.17028985507244,276,18.746042631630413
X200_15492_PB2.tif,1018,419.36538461538464,315.28846153846155,104,11.507254783503184
X200_15492_PB1.tif,912,417.6170798898072,321.1790633608816,363,21.49851052372848
X200_15492_PB1.tif,855,417.20171673819743,320.76824034334766,233,17.22396045987371
X200_15492_PB1.tif,1015,416.74545454545455,317.97818181818184,275,18.712051592547777
X200_15492_PB1.tif,745,415.3333333333333,313.18589743589746,156,14.093451279891855
X200_15492_PB2.tif,788,413.6533333333333,319.16,150,13.81976597885342
X200_15492_PB2.tif,391,410.8387096774193,318.5069124423963,217,16.622063085174787
X200_15492_PB2.tif,628,410.7608695652174,319.7826086956522,46,7.653039857325812
X200_15492_PB2.tif,943,408.75714285714287,320.5,70,9.440697438826296
X200_15492_PB2.tif,944,408.6774193548387,320.46774193548384,62,8.884866446580956
X200_15492_PB1.tif,888,408.0962962962963,321.81481481481484,135,13.110581167104948
X200_15492_PB1.tif,1129,407.77941176470586,321.9019607843137,204,16.11647812414279
X200_15492_PB2.tif,772,407.0,314.76612903225805,124,12.565098628628435
X200_15492_PB2.tif,1004,406.6952380952381,320.4095238095238,105,11.562445770562215
X200_15492_PB2.tif,1119,406.1026392961877,321.6950146627566,341,20.83685880248485
X200_15492_PB1.tif,1386,405.811320754717,312.7358490566038,53,8.214724333230155
X200_15492_PB1.tif,1140,405.488,318.024,125,12.6156626101008
X200_15492_PB1.tif,678,405.0353982300885,316.24778761061947,113,11.994835078277376
X200_15492_PB1.tif,1415,404.6453488372093,321.88953488372096,172,14.798554040663838
X200_15492_PB1.tif,1265,400.1421319796954,316.8274111675127,197,15.837556323903858
X200_15492_PB2.tif,955,399.904109589041,312.7178082191781,365,21.55765371807272
X200_15492_PB1.tif,732,399.4324324324325,322.43243243243245,37,6.863662517577698
X200_15492_PB2.tif,1257,399.2067039106145,317.6033519553073,179,15.09668435477122
X200_15492_PB1.tif,497,399.1,321.0235294117647,170,14.712264360219256
X200_15492_PB2.tif,1323,397.9376770538244,315.09915014164307,353,21.200319792199185
X200_15492_PB1.tif,593,397.8333333333333,319.06666666666666,30,6.180387232371033
X200_15492_PB2.tif,518,397.2132352941176,321.3235294117647,136,13.159049284959082
X200_15492_PB2.tif,403,397.1274900398407,319.796812749004,251,17.876888032555495
X200_15492_PB2.tif,841,396.7364130434783,319.9184782608696,368,21.64606551922404
X200_15492_PB1.tif,768,396.5321637426901,314.14619883040933,171,14.755472278097804
X200_15492_PB1.tif,799,394.8666666666667,319.25454545454545,165,14.494292838262302
X200_15492_PB2.tif,857,394.0833333333333,320.2083333333333,72,9.574614729634384
X200_15492_PB1.tif,858,393.104,313.04,125,12.6156626101008
X200_15492_PB1.tif,1383,391.49038461538464,315.5673076923077,208,16.273715780512877
X200_15492_PB1.tif,872,389.7991967871486,318.0642570281124,249,17.805522925178455
X200_15492_PB2.tif,1097,389.6354166666667,312.9479166666667,384,22.111625566165472
X200_15492_PB1.tif,1203,388.2631578947368,318.8218623481781,247,17.733870630789692
X200_15492_PB1.tif,648,387.7122302158273,315.1474820143885,278,18.81384047546846
X200_15492_PB2.tif,529,385.8181818181818,321.93939393939394,99,11.227230955528665
X200_15492_PB2.tif,343,384.92261904761904,321.4047619047619,168,14.625465582862905
X200_15492_PB1.tif,747,384.10837438423647,313.2758620689655,203,16.07692842495848
X200_15492_PB2.tif,716,383.7025316455696,317.90506329113924,158,14.183506197980655
X200_15492_PB1.tif,797,380.7951807228916,316.4096385542169,166,14.538148590038452
X200_15492_PB2.tif,825,379.97986577181206,320.9127516778523,298,19.47884453275087
X200_15492_PB1.tif,407,379.6640625,313.05078125,256,18.0540666735282
X200_15492_PB2.tif,1003,379.5551948051948,322.0844155844156,308,19.80297401347661
X200_15492_PB1.tif,770,379.3602693602693,319.7811447811448,297,19.44613444328572
X200_15492_PB2.tif,856,378.7352941176471,320.05882352941177,68,9.304852983362556
X200_15492_PB2.tif,1023,376.4899598393574,316.65060240963857,249,17.805522925178455
X200_15492_PB2.tif,1184,374.5494186046512,318.1744186046512,344,20.928315827817965
X200_15492_PB2.tif,822,373.0364238410596,316.08940397350995,302,19.60913925979463
X200_15492_PB2.tif,383,372.2363636363637,321.3727272727273,110,11.834540545406394
X200_15492_PB1.tif,697,371.7278481012658,319.56962025316454,158,14.183506197980655
X200_15492_PB1.tif,432,370.84615384615387,312.6877828054299,221,16.774562271083887
X200_15492_PB1.tif,733,369.6315789473685,320.85714285714283,133,13.013103375051497
X200_15492_PB2.tif,718,369.0496894409938,317.87577639751555,161,14.317526556719258
X200_15492_PB1.tif,562,367.5809523809524,321.5809523809524,105,11.562445770562215
X200_15492_PB1.tif,625,366.734375,320.046875,128,12.766152972845846
X200_15492_PB1.tif,800,365.7,313.6277777777778,180,15.13879513212096
X200_15492_PB2.tif,405,364.7326203208556,320.63101604278074,187,15.430353037616328
X200_15492_PB1.tif,1330,362.0,318.3333333333333,3,1.95441004761168
X200_15492_PB1.tif,755,359.5309278350516,321.54639175257734,194,15.716503163191918
X200_15492_PB2.tif,1147,359.0076923076923,322.35769230769233,520,25.731003930322743
X200_15492_PB1.tif,680,358.80859375,318.41796875,256,18.0540666735282
X200_15492_PB1.tif,1133,358.29064039408865,322.11083743842363,406,22.736210219877808
X200_15492_PB1.tif,738,355.73658536585367,318.85853658536587,205,16.15593100600236
X200_15492_PB1.tif,808,355.6401944894652,322.13614262560776,617,28.02835705319874
X200_15492_PB2.tif,1191,355.5450450450451,317.3918918918919,222,16.812470934731934
X200_15492_PB1.tif,507,355.2739726027397,312.8675799086758,219,16.698486766680407
X200_15492_PB2.tif,715,355.02836879432624,316.2269503546099,141,13.398760233979036
X200_15492_PB1.tif,427,353.70403587443946,317.62780269058294,223,16.85029431422316
X200_15492_PB2.tif,1037,352.9264705882353,321.72549019607845,612,27.914558950087667
X200_15492_PB2.tif,821,351.71206225680936,315.63813229571986,257,18.08929415419344
X200_15492_PB2.tif,1005,349.6951219512195,321.4593495934959,492,25.028660691489268
X200_15492_PB1.tif,1045,346.55026455026456,313.5079365079365,189,15.512648837479231
X200_15492_PB2.tif,983,344.3968253968254,321.85714285714283,315,20.02674353437364
X200_15492_PB1.tif,1175,342.26395939086296,315.0812182741117,197,15.837556323903858
X200_15492_PB2.tif,1209,341.6585365853659,316.8963414634146,164,14.450303987687134
X200_15492_PB2.tif,426,339.6967213114754,315.8975409836066,244,17.625846048215095
X200_15492_PB2.tif,1111,339.17400419287213,317.9077568134172,477,24.64417299969047
X200_15492_PB2.tif,666,337.0427046263345,313.1032028469751,281,18.91508160359296
X200_15492_PB1.tif,673,336.78980891719743,320.37579617834393,157,14.13855043925722
X200_15492_PB1.tif,1336,336.4051724137931,322.1867816091954,348,21.049640414216977
X200_15492_PB1.tif,724,333.993006993007,320.2167832167832,286,19.08262324195121
X200_15492_PB2.tif,819,332.18131868131866,315.510989010989,182,15.222667215103916
X200_15492_PB2.tif,1125,332.15602836879435,315.9078014184397,141,13.398760233979036
X200_15492_PB2.tif,823,332.08717948717947,315.48205128205126,195,15.7569575497098
X200_15492_PB2.tif,1196,329.83185840707966,316.39823008849555,113,11.994835078277376
X200_15492_PB1.tif,786,328.07936507936506,316.531746031746,126,12.666024736934256
X200_15492_PB2.tif,894,324.66521739130434,320.6391304347826,230,17.112717355495807
X200_15492_PB1.tif,652,322.3970588235294,314.6617647058824,136,13.159049284959082
X200_15492_PB1.tif,444,321.9017857142857,315.2142857142857,112,11.941642642883693
X200_15492_PB1.tif,1233,321.53846153846155,319.3076923076923,13,4.068428945128219
X200_15492_PB1.tif,1182,318.5549132947977,322.5202312138728,173,14.841510746523856
X200_15492_PB1.tif,1242,316.1226993865031,314.28834355828224,163,14.406180819073164
X200_15492_PB1.tif,641,315.4710743801653,317.4586776859504,242,17.55346033766304
X200_15492_PB2.tif,642,314.9012345679012,321.5987654320988,162,14.361922094451575
X200_15492_PB1.tif,764,313.9866071428572,319.1919642857143,224,16.88803298257901
X200_15492_PB2.tif,1121,313.80645161290323,315.14112903225805,248,17.769732893161912
X200_15492_PB2.tif,725,313.6726457399103,316.0269058295964,223,16.85029431422316
X200_15492_PB2.tif,583,313.3612716763006,316.63583815028903,346,20.98906578384008
X200_15492_PB2.tif,1054,313.3121951219512,316.10731707317075,205,16.15593100600236
X200_15492_PB2.tif,1118,313.1111111111111,316.96640826873386,387,22.19783106099576
X200_15492_PB2.tif,910,311.82142857142856,322.2797619047619,168,14.625465582862905
X200_15492_PB1.tif,1401,311.42528735632186,318.0287356321839,174,14.884343478431232
X200_15492_PB2.tif,404,311.04545454545456,312.76363636363635,220,16.73656774376801
X200_15492_PB1.tif,978,309.42335766423355,317.4014598540146,137,13.207339536360733
X200_15492_PB2.tif,523,308.5921052631579,314.0657894736842,76,9.83698151873187
X200_15492_PB1.tif,696,307.951724137931,319.13793103448273,145,13.58748446131949
X200_15492_PB1.tif,1102,307.79245283018867,314.1320754716981,159,14.228319915327
X200_15492_PB2.tif,951,306.6140350877193,322.37134502923976,342,20.867389014906145
X200_15492_PB2.tif,621,302.39834024896265,314.0,241,17.517155313611116
X200_15492_PB1.tif,460,299.1984126984127,316.57142857142856,126,12.666024736934256
X200_15492_PB1.tif,643,296.4971264367816,317.0086206896552,348,21.049640414216977
X200_15492_PB1.tif,777,296.0,314.56302521008405,119,12.309163489997376
X200_15492_PB2.tif,1251,295.8456375838926,314.19686800894857,447,23.85661494212072
X200_15492_PB2.tif,1025,295.20952380952383,313.3428571428572,105,11.562445770562215
X200_15492_PB2.tif,721,295.1188524590164,316.0532786885246,244,17.625846048215095
X200_15492_PB1.tif,700,294.88235294117646,318.124183006536,153,13.957279475043832
X200_15492_PB1.tif,1145,294.5472440944882,322.62992125984255,254,17.983404693292407
X200_15492_PB1.tif,757,294.31120331950206,314.344398340249,241,17.517155313611116
X200_15492_PB2.tif,408,294.1058823529412,314.2352941176471,85,10.403141895720198
X200_15492_PB1.tif,960,294.06451612903226,318.6236559139785,93,10.881694613449236
X200_15492_PB1.tif,1219,293.3573264781491,315.5809768637532,389,22.255115881567058
X200_15492_PB1.tif,1462,293.0691823899371,314.2735849056604,318,20.12188299403865
X200_15492_PB1.tif,1286,290.64144736842104,314.9309210526316,304,19.67396303746374
X200_15492_PB1.tif,1147,290.0,322.0,1,1.1283791670955126
X200_15492_PB1.tif,428,289.7674418604651,315.71760797342193,301,19.576646877473276
X200_15492_PB2.tif,1135,288.80876494023903,320.0956175298805,502,25.281737508665252
X200_15492_PB2.tif,624,288.0271739130435,314.76630434782606,184,15.306079714651624
X200_15492_PB1.tif,628,287.24122807017545,320.10087719298247,228,17.03815178355966
X200_15492_PB1.tif,1152,287.23383084577114,313.3532338308458,201,15.99753570059363
X200_15492_PB2.tif,580,286.75,316.9807692307692,416,23.014509567006368
X200_15492_PB2.tif,641,283.550505050505,319.5858585858586,198,15.877702285203682
X200_15492_PB1.tif,695,281.56382978723406,316.1063829787234,188,15.471555655790098
X200_15492_PB1.tif,775,278.94690265486724,322.56637168141594,113,11.994835078277376
X200_15492_PB2.tif,745,278.53731343283584,313.1641791044776,67,9.23618154310838
X200_15492_PB1.tif,443,276.9148936170213,320.6063829787234,94,10.94004191971426
X200_15492_PB2.tif,727,275.0358565737052,315.3067729083665,251,17.876888032555495
X200_15492_PB2.tif,289,272.9605263157895,320.26973684210526,152,13.911592676604096
X200_15492_PB2.tif,1087,272.56,322.42,50,7.978845608028654
X200_15492_PB2.tif,942,272.4148936170213,314.3191489361702,94,10.94004191971426
X200_15492_PB1.tif,630,272.18324607329845,317.28795811518324,191,15.594510349620345
X200_15492_PB1.tif,522,272.0135135135135,313.4527027027027,148,13.727325035155395
X200_15492_PB2.tif,622,271.8,313.49152542372883,295,19.38054864282415
X200_15492_PB2.tif,800,271.7632,321.9408,625,28.209479177387816
X200_15492_PB1.tif,707,266.6965174129353,313.2089552238806,201,15.99753570059363
X200_15492_PB2.tif,637,266.4199134199134,319.25108225108227,231,17.14987856615383
X200_15492_PB1.tif,576,264.94202898550725,319.85990338164254,207,16.23454913941803
X200_15492_PB2.tif,1408,264.5759493670886,313.50632911392404,158,14.183506197980655
X200_15492_PB1.tif,776,263.3863636363636,320.9166666666667,132,12.964089628857147
X200_15492_PB2.tif,769,263.16129032258067,319.5967741935484,62,8.884866446580956
X200_15492_PB1.tif,958,261.72474377745243,314.2767203513909,683,29.489364337912
X200_15492_PB1.tif,355,259.7631578947368,313.89473684210526,76,9.83698151873187
X200_15492_PB2.tif,587,258.41782729805016,320.49860724233986,359,21.37973331358283
X200_15492_PB2.tif,1415,257.5127478753541,313.5665722379603,353,21.200319792199185
X200_15492_PB1.tif,629,257.20454545454544,314.17045454545456,176,14.96964127403822
X200_15492_PB2.tif,684,256.70703125,321.9453125,256,18.0540666735282
X200_15492_PB2.tif,943,254.54,313.22,100,11.283791670955123
X200_15492_PB2.tif,717,253.06130268199237,315.03065134099614,261,18.229523339239496
X200_15492_PB2.tif,1547,250.010101010101,313.1010101010101,198,15.877702285203682
X200_15492_PB2.tif,638,249.26724137931035,317.8965517241379,232,17.186959427966244
X200_15492_PB1.tif,779,247.96341463414635,313.7439024390244,82,10.217907939900584
X200_15492_PB1.tif,304,247.71875,313.671875,64,9.0270333367641
X200_15492_PB1.tif,1107,246.77742946708463,318.3448275862069,319,20.153496341094687
X200_15492_PB1.tif,512,238.11111111111111,314.4,180,15.13879513212096
X200_15492_PB2.tif,597,237.72727272727272,318.1948051948052,77,9.901487006738307
X200_15492_PB1.tif,586,237.0,315.0,1,1.1283791670955126
X200_15492_PB2.tif,625,234.77551020408163,314.4149659863946,147,13.680870333281758
X200_15492_PB1.tif,915,233.85185185185185,317.1481481481481,27,5.863230142835039
X200_15492_PB2.tif,554,232.8068669527897,316.5793991416309,233,17.22396045987371
X200_15492_PB2.tif,601,231.7912087912088,317.01831501831504,273,18.64388360059941
X200_15492_PB2.tif,532,229.63578274760383,313.0159744408946,313,19.963065333312567
X200_15492_PB1.tif,1154,228.92857142857144,314.5,28,5.970821321441846
X200_15492_PB2.tif,1372,226.00274725274724,314.8241758241758,364,21.528102431092236
X200_15492_PB2.tif,1173,225.75963020030815,322.20030816640985,649,28.745999104799274
X200_15492_PB2.tif,501,224.17225950783,319.18120805369125,447,23.85661494212072
X200_15492_PB1.tif,562,222.7524752475248,313.3762376237624,202,16.03728119216293
X200_15492_PB1.tif,514,222.0636363636364,314.05454545454546,110,11.834540545406394
X200_15492_PB1.tif,1173,222.01666666666668,320.9030303030303,660,28.988585676524604
X200_15492_PB1.tif,589,221.72142857142856,320.4,140,13.351162356249093
X200_15492_PB1.tif,573,221.5260663507109,314.0,211,16.39065416446578
X200_15492_PB1.tif,469,221.48058252427185,319.8009708737864,206,16.195287778099022
X200_15492_PB1.tif,1337,221.34074074074076,322.5148148148148,270,18.5411616971131
X200_15492_PB2.tif,622,220.11656441717795,314.319018404908,163,14.406180819073164
X200_15492_PB2.tif,1235,219.95952782462055,314.0522765598651,593,27.47782833536798
X200_15492_PB1.tif,306,218.7372881355932,321.4406779661017,118,12.257335203001883
X200_15492_PB2.tif,556,217.42666666666668,315.55555555555554,225,16.925687506432688
X200_15492_PB2.tif,1175,217.24755700325733,315.40065146579803,307,19.77080019204319
X200_15492_PB1.tif,1393,217.0059171597633,322.301775147929,169,14.668929172241665
X200_15492_PB2.tif,602,214.25475285171103,316.5703422053232,263,18.29923496393627
X200_15492_PB1.tif,1193,212.44292237442923,317.5342465753425,219,16.698486766680407
X200_15492_PB1.tif,872,212.19736842105263,316.4342105263158,76,9.83698151873187
X200_15492_PB2.tif,531,210.9716088328076,313.3533123028392,317,20.090219901261573
X200_15492_PB1.tif,475,210.25233644859813,321.5233644859813,107,11.67204486311899
X200_15492_PB1.tif,715,207.8900343642612,319.7835051546392,291,19.248706645328987
X200_15492_PB1.tif,777,206.14232209737827,321.5543071161049,267,18.437867513470437
X200_15492_PB2.tif,620,206.13698630136983,315.40410958904107,146,13.63425735166143
X200_15492_PB1.tif,1159,204.3439153439153,317.92063492063494,189,15.512648837479231
X200_15492_PB1.tif,660,203.66875,317.18125,160,14.27299292922217
X200_15492_PB2.tif,558,202.6034482758621,313.4712643678161,174,14.884343478431232
X200_15492_PB2.tif,417,202.0659898477157,319.7664974619289,197,15.837556323903858
X200_15492_PB2.tif,275,201.5,318.8333333333333,36,6.770275002573076
X200_15492_PB1.tif,658,201.0289855072464,320.6328502415459,207,16.23454913941803
X200_15492_PB2.tif,984,200.76543209876544,319.28395061728395,243,17.58969042850512
X200_15492_PB2.tif,748,198.79258010118045,317.36256323777405,593,27.47782833536798
X200_15492_PB2.tif,497,197.82506527415143,314.4046997389034,383,22.08281561833924
X200_15492_PB1.tif,860,195.73539518900344,320.1958762886598,291,19.248706645328987
X200_15492_PB1.tif,1115,195.39442231075697,315.3585657370518,251,17.876888032555495
X200_15492_PB1.tif,1315,195.19948186528495,315.8160621761658,386,22.16913314200113
X200_15492_PB1.tif,1125,195.09885931558932,315.0722433460076,263,18.29923496393627
X200_15492_PB2.tif,1248,194.75438596491227,316.0,114,12.047792665040705
X200_15492_PB2.tif,538,193.6329588014981,312.85767790262173,267,18.437867513470437
X200_15492_PB2.tif,751,191.54716981132077,313.5094339622641,106,11.617374563210364
X200_15492_PB2.tif,559,190.23888888888888,313.89444444444445,180,15.13879513212096
X200_15492_PB2.tif,593,189.23684210526315,315.60526315789474,114,12.047792665040705
X200_15492_PB1.tif,581,186.78571428571428,315.8766233766234,154,14.002817212590296
X200_15492_PB1.tif,898,186.5512048192771,321.9698795180723,332,20.56004690782767
X200_15492_PB2.tif,593,186.2622950819672,319.8360655737705,61,8.812923024107548
X200_15492_PB2.tif,591,186.0,320.5,44,7.48482063701911
X200_15492_PB2.tif,1265,184.256038647343,322.39130434782606,207,16.23454913941803
X200_15492_PB2.tif,1340,183.5,322.74615384615385,260,18.19456736586892
X200_15492_PB2.tif,894,183.2699619771863,316.97338403041823,263,18.29923496393627
X200_15492_PB1.tif,566,182.67326732673268,319.5495049504951,202,16.03728119216293
X200_15492_PB1.tif,661,182.64435146443515,316.18410041841,239,17.44431859350499
X200_15492_PB2.tif,415,180.68650793650792,321.8253968253968,252,17.91246396432554
X200_15492_PB2.tif,1157,179.57142857142858,320.7142857142857,7,2.985410660720923
X200_15492_PB1.tif,1225,178.82122905027933,316.4413407821229,179,15.09668435477122
X200_15492_PB1.tif,1297,178.3310810810811,321.9684684684685,444,23.77642441290137
X200_15492_PB2.tif,1021,177.71014492753622,316.7898550724637,138,13.255453865237978
X200_15492_PB1.tif,859,177.63876651982378,322.3348017621145,227,17.000746355818674
X200_15492_PB2.tif,1157,176.0,322.0,1,1.1283791670955126
X200_15492_PB2.tif,751,173.9659090909091,316.7126623376623,616,28.00563442518059
X200_15492_PB2.tif,1157,173.2,320.6,5,2.5231325220201604
X200_15492_PB2.tif,1042,173.14477211796248,313.5710455764075,373,21.792621462004423
X200_15492_PB1.tif,156,172.66666666666666,315.1813725490196,204,16.11647812414279
X200_15492_PB1.tif,311,172.6153846153846,319.61538461538464,13,4.068428945128219
X200_15492_PB1.tif,1125,172.6,313.6,15,4.370193722368317
X200_15492_PB2.tif,446,172.27748691099475,313.5549738219895,191,15.594510349620345
X200_15492_PB2.tif,838,171.97169811320754,315.688679245283,106,11.617374563210364
X200_15492_PB1.tif,1509,171.8658146964856,316.1821086261981,313,19.963065333312567
X200_15492_PB1.tif,1347,170.76315789473685,318.37593984962405,266,18.403307281560924
X200_15492_PB2.tif,1157,169.5,322.0,2,1.5957691216057308
X200_15492_PB1.tif,486,167.1906976744186,319.13488372093025,215,16.545286401814263
X200_15492_PB2.tif,1157,166.0,319.75,4,2.256758334191025
X200_15492_PB1.tif,577,165.78518518518518,321.6148148148148,135,13.110581167104948
X200_15492_PB1.tif,419,163.05263157894737,320.6421052631579,95,10.998079684646791
X200_15492_PB2.tif,1269,162.6076923076923,321.81538461538463,130,12.865501965161371
X200_15492_PB2.tif,544,161.31578947368422,316.10526315789474,76,9.83698151873187
X200_15492_PB2.tif,552,160.78125,320.15625,32,6.383076486422923
X200_15492_PB2.tif,771,157.37142857142857,316.48571428571427,35,6.6755811781245455
X200_15492_PB1.tif,157,156.77245508982037,315.3473053892216,167,14.581872443920645
X200_15492_PB1.tif,876,154.64161849710982,320.271676300578,173,14.841510746523856
X200_15492_PB2.tif,1107,154.21014492753622,313.4927536231884,138,13.255453865237978
X200_15492_PB2.tif,994,152.92198581560282,313.97163120567376,141,13.398760233979036
X200_15492_PB1.tif,1104,151.92170818505338,322.48398576512454,281,18.91508160359296
X200_15492_PB1.tif,472,151.34599156118142,317.1054852320675,237,17.371176474327626
X200_15492_PB2.tif,1059,149.65300546448088,313.6174863387978,366,21.587164551489145
X200_15492_PB1.tif,795,147.7112676056338,322.481220657277,426,23.28948359361322
X200_15492_PB1.tif,484,146.93162393162393,314.2307692307692,117,12.205286835384658
X200_15492_PB2.tif,504,145.29126213592232,317.7313915857605,309,19.83509564693766
X200_15492_PB2.tif,741,144.93317422434367,319.84248210023867,419,23.09734550211416
X200_15492_PB2.tif,502,144.26436781609195,313.95402298850576,87,10.524820207108489
X200_15492_PB1.tif,418,144.175,322.5,40,7.136496464611085
X200_15492_PB2.tif,1047,139.58823529411765,314.8333333333333,204,16.11647812414279
X200_15492_PB1.tif,1171,139.31875,316.4484375,640,28.54598585844434
X200_15492_PB1.tif,1325,138.11023622047244,313.8346456692913,127,12.716187407449045
X200_15492_PB1.tif,926,136.7,321.4583333333333,120,12.360774464742066
X200_15492_PB2.tif,931,136.55555555555554,322.6666666666667,36,6.770275002573076
X200_15492_PB2.tif,995,136.2158273381295,315.27338129496405,139,13.303394180365686
X200_15492_PB1.tif,1011,135.35652173913044,315.95652173913044,230,17.112717355495807
X200_15492_PB1.tif,1113,135.0424403183024,315.38726790450926,377,21.90916037563184
X200_15492_PB1.tif,527,133.22857142857143,322.25714285714287,105,11.562445770562215
X200_15492_PB2.tif,453,132.9568345323741,313.1079136690648,139,13.303394180365686
X200_15492_PB1.tif,1274,131.01333333333332,322.46666666666664,300,19.5441004761168
X200_15492_PB2.tif,447,130.8148148148148,320.55555555555554,27,5.863230142835039
X200_15492_PB1.tif,501,130.69230769230768,320.53846153846155,13,4.068428945128219
X200_15492_PB1.tif,444,130.58620689655172,322.58620689655174,58,8.593479713983122
X200_15492_PB1.tif,410,129.51807228915663,314.93172690763055,249,17.805522925178455
X200_15492_PB1.tif,483,129.32835820895522,313.27363184079604,201,15.99753570059363
X200_15492_PB1.tif,436,128.58100558659217,321.340782122905,179,15.09668435477122
X200_15492_PB1.tif,1068,128.50632911392404,316.373417721519,158,14.183506197980655
X200_15492_PB2.tif,510,127.91634980988592,317.00760456273764,263,18.29923496393627
X200_15492_PB2.tif,1141,126.98055555555555,316.5861111111111,360,21.40948939383325
X200_15492_PB2.tif,264,126.3720930232558,322.6860465116279,86,10.464157913908982
X200_15492_PB1.tif,722,126.26382978723404,315.34468085106386,235,17.297725082009
X200_15492_PB1.tif,1188,125.6839378238342,315.79274611398966,193,15.67594437773643
X200_15492_PB1.tif,273,125.59036144578312,314.5903614457831,166,14.538148590038452
X200_15492_PB2.tif,1165,120.95121951219512,314.5121951219512,123,12.514330345744634
X200_15492_PB2.tif,1186,120.30113636363636,321.97727272727275,176,14.96964127403822
X200_15492_PB2.tif,493,119.98660714285714,313.5357142857143,224,16.88803298257901
X200_15492_PB1.tif,1124,119.27152317880795,317.3046357615894,151,13.86575534383214
X200_15492_PB2.tif,986,118.98620689655172,314.6758620689655,145,13.58748446131949
X200_15492_PB1.tif,568,117.375,322.2720588235294,136,13.159049284959082
X200_15492_PB1.tif,492,117.20952380952382,321.3238095238096,105,11.562445770562215
X200_15492_PB1.tif,893,116.3360655737705,322.1967213114754,122,12.463355264843006
X200_15492_PB2.tif,1272,114.71144278606964,322.85074626865674,201,15.99753570059363
X200_15492_PB1.tif,974,113.83333333333331,319.4592592592593,540,26.221162334209897
X200_15492_PB1.tif,554,112.11398963730568,321.2901554404145,193,15.67594437773643
X200_15492_PB1.tif,726,111.64059590316572,319.56052141527005,537,26.148224328293928
X200_15492_PB2.tif,1219,111.54968287526428,316.5517970401691,473,24.54062559633988
X200_15492_PB2.tif,513,110.15822784810126,316.20569620253167,316,20.0585068271871
X200_15492_PB1.tif,1315,108.96448087431692,319.7841530054645,366,21.587164551489145
X200_15492_PB1.tif,1069,106.47222222222224,320.3611111111111,324,20.310825007719227
X200_15492_PB2.tif,458,105.50936329588016,313.0861423220974,267,18.437867513470437
X200_15492_PB2.tif,1112,105.11678832116787,318.37226277372264,411,22.875783109789968
X200_15492_PB2.tif,209,105.0,321.48148148148147,27,5.863230142835039
X200_15492_PB1.tif,888,104.40555555555557,315.96666666666664,180,15.13879513212096
X200_15492_PB2.tif,985,103.3095238095238,314.75396825396825,126,12.666024736934256
X200_15492_PB1.tif,572,102.20754716981132,318.8867924528302,106,11.617374563210364
X200_15492_PB2.tif,408,101.20212765957449,313.92021276595744,188,15.471555655790098
X200_15492_PB2.tif,1217,101.07169811320756,314.25283018867924,265,18.36868202552426
X200_15492_PB2.tif,516,100.8939393939394,321.04545454545456,66,9.16699568847508
X200_15492_PB1.tif,1155,100.57589285714286,321.1919642857143,224,16.88803298257901
X200_15492_PB2.tif,453,99.19858156028369,322.7234042553192,141,13.398760233979036
X200_15492_PB1.tif,1143,97.52671755725191,317.53435114503816,131,12.914889870235298
X200_15492_PB1.tif,708,95.44469026548671,321.8606194690266,452,23.98967015655475
X200_15492_PB1.tif,392,92.0625,321.3541666666667,48,7.817640190446719
X200_15492_PB1.tif,338,90.25130890052355,316.0261780104712,191,15.594510349620345
X200_15492_PB2.tif,1078,89.69444444444444,315.7055555555556,180,15.13879513212096
X200_15492_PB1.tif,1039,88.52430555555556,322.0208333333333,288,19.149229459268767
X200_15492_PB1.tif,460,88.27272727272727,315.0064935064935,154,14.002817212590296
X200_15492_PB2.tif,366,88.01503759398496,315.609022556391,133,13.013103375051497
X200_15492_PB1.tif,1191,87.22485207100591,319.4245562130177,676,29.33785834448333
X200_15492_PB2.tif,1125,86.75214899713467,313.2349570200573,698,29.811427376513585
X200_15492_PB2.tif,402,85.34313725490196,313.2450980392157,102,11.396070970426017
X200_15492_PB2.tif,458,85.29752066115702,322.26446280991735,121,12.412170838050638
X200_15492_PB1.tif,418,84.75862068965517,315.36206896551727,116,12.153015559492998
X200_15492_PB2.tif,1232,84.75324675324676,321.40909090909093,154,14.002817212590296
X200_15492_PB1.tif,1221,83.3076923076923,322.2189349112426,169,14.668929172241665
X200_15492_PB1.tif,1159,79.10778443113773,320.07185628742513,334,20.62188177498708
X200_15492_PB2.tif,1235,78.50267379679144,322.1336898395722,187,15.430353037616328
X200_15492_PB2.tif,399,73.79245283018868,313.3962264150944,106,11.617374563210364
X200_15492_PB2.tif,181,71.2439024390244,314.1463414634146,82,10.217907939900584
X200_15492_PB1.tif,360,71.13438735177866,318.57707509881425,253,17.94796937867892
X200_15492_PB1.tif,474,70.8731343283582,320.43283582089555,134,13.061933202803932
X200_15492_PB2.tif,373,70.72307692307692,315.66153846153844,130,12.865501965161371
X200_15492_PB2.tif,754,69.02307692307693,314.6,130,12.865501965161371
X200_15492_PB2.tif,1251,68.98009950248756,322.60199004975124,201,15.99753570059363
X200_15492_PB1.tif,395,68.61682242990655,314.3551401869159,107,11.67204486311899
X200_15492_PB1.tif,330,68.44615384615385,315.5025641025641,195,15.7569575497098
X200_15492_PB1.tif,281,68.28571428571429,322.48809523809524,84,10.34176589165282
X200_15492_PB2.tif,737,67.385,314.31,200,15.957691216057308
X200_15492_PB1.tif,1021,66.49411764705883,314.43529411764706,170,14.712264360219256
X200_15492_PB1.tif,345,65.76136363636364,319.40909090909093,264,18.333991376950163
X200_15492_PB2.tif,1114,63.4169741697417,313.2140221402214,271,18.575465448360347
X200_15492_PB2.tif,992,63.38483965014577,315.5422740524781,343,20.897874625046462
X200_15492_PB1.tif,396,63.07185628742515,317.3233532934132,167,14.581872443920645
X200_15492_PB2.tif,1016,62.864,316.204,250,17.841241161527712
X200_15492_PB2.tif,1232,62.35064935064935,322.86147186147184,231,17.14987856615383
X200_15492_PB1.tif,711,60.48905109489051,321.4124087591241,274,18.67799869518773
X200_15492_PB2.tif,393,58.82658959537572,313.4913294797688,173,14.841510746523856
X200_15492_PB2.tif,177,58.059701492537314,314.1119402985075,134,13.061933202803932
X200_15492_PB2.tif,367,56.77717391304348,316.33152173913044,184,15.306079714651624
X200_15492_PB1.tif,1206,56.66772151898734,321.40506329113924,316,20.0585068271871
X200_15492_PB1.tif,354,55.285714285714285,314.6886446886447,273,18.64388360059941
X200_15492_PB2.tif,452,54.93846153846154,321.4230769230769,130,12.865501965161371
X200_15492_PB1.tif,469,53.60693641618497,320.80924855491327,173,14.841510746523856
X200_15492_PB1.tif,285,53.58620689655172,319.3103448275862,29,6.076507779746499
X200_15492_PB1.tif,1044,52.024844720496894,321.3416149068323,322,20.248040236149336
X200_15492_PB1.tif,348,51.30810810810811,315.43243243243245,185,15.347615963921076
X200_15492_PB1.tif,1224,46.16564417177914,315.67484662576686,163,14.406180819073164
X200_15492_PB1.tif,364,45.92924528301887,321.1556603773585,212,16.42944866646031
X200_15492_PB1.tif,399,45.0,322.0,3,1.95441004761168
X200_15492_PB2.tif,1231,44.29113924050633,322.084388185654,237,17.371176474327626
X200_15492_PB2.tif,369,43.9271523178808,319.49668874172187,151,13.86575534383214
X200_15492_PB2.tif,300,43.15151515151515,319.8181818181818,33,6.482044814428575
X200_15492_PB2.tif,395,42.99363057324841,314.47133757961785,157,14.13855043925722
X200_15492_PB1.tif,735,42.43145161290322,321.78225806451616,248,17.769732893161912
X200_15492_PB2.tif,355,41.82178217821782,313.5940594059406,101,11.340070282773889
X200_15492_PB2.tif,449,41.51470588235294,321.6102941176471,136,13.159049284959082
X200_15492_PB1.tif,334,37.92920353982301,316.924778761062,226,16.96325844612841
X200_15492_PB2.tif,365,37.29936305732484,316.61146496815286,157,14.13855043925722
X200_15492_PB1.tif,471,37.046728971962615,314.5607476635514,107,11.67204486311899
X200_15492_PB1.tif,392,36.14893617021277,317.6666666666667,282,18.948708441878452
X200_15492_PB2.tif,372,32.690140845070424,321.09859154929575,71,9.507891862878784
X200_15492_PB2.tif,975,32.01081081081081,316.92432432432435,185,15.347615963921076
X200_15492_PB2.tif,966,31.517241379310345,315.01724137931035,174,14.884343478431232
X200_15492_PB1.tif,1216,30.74331550802139,313.8770053475936,187,15.430353037616328
X200_15492_PB2.tif,1068,30.635,318.05,200,15.957691216057308
X200_15492_PB2.tif,1262,29.0,321.5344827586207,116,12.153015559492998
X200_15492_PB1.tif,375,28.143478260869564,315.3217391304348,230,17.112717355495807
X200_15492_PB2.tif,405,27.11794871794872,313.3692307692308,195,15.7569575497098
X200_15492_PB2.tif,636,26.96875,316.84375,128,12.766152972845846
X200_15492_PB2.tif,1234,26.1036036036036,321.64864864864865,222,16.812470934731934
X200_15492_PB2.tif,1204,24.098159509202453,322.4355828220859,163,14.406180819073164
X200_15492_PB1.tif,1004,22.829326923076923,314.2668269230769,416,23.014509567006368
X200_15492_PB2.tif,743,22.350649350649352,314.1038961038961,231,17.14987856615383
X200_15492_PB2.tif,370,20.83443708609272,316.55629139072846,151,13.86575534383214
X200_15492_PB1.tif,472,19.495238095238093,320.06666666666666,105,11.562445770562215
X200_15492_PB1.tif,389,13.948717948717947,313.1054131054131,351,21.14017691983778
X200_15492_PB1.tif,1272,12.226244343891402,322.552036199095,221,16.774562271083887
X200_15492_PB2.tif,1195,11.606060606060606,322.2060606060606,165,14.494292838262302
X200_15492_PB1.tif,394,10.044117647058824,315.36764705882354,272,18.609705966725112
X200_15492_PB1.tif,378,10.023166023166024,315.4671814671815,259,18.15954410458608
X200_15492_PB1.tif,1142,9.92,321.9377777777778,225,16.925687506432688
X200_15492_PB2.tif,433,9.5,321.0548780487805,164,14.450303987687134
X200_15492_PB2.tif,273,8.833333333333334,320.06666666666666,30,6.180387232371033
X200_15492_PB2.tif,1101,8.47080291970803,316.4087591240876,274,18.67799869518773
X200_15492_PB2.tif,1020,6.742574257425742,317.46534653465346,101,11.340070282773889
X200_15492_PB1.tif,353,6.161290322580645,321.33870967741933,62,8.884866446580956
X200_15492_PB1.tif,1353,5.814814814814815,316.4074074074074,108,11.726460285670075
X200_15492_PB2.tif,368,5.315151515151515,315.27878787878785,165,14.494292838262302
X200_15492_PB1.tif,336,5.039370078740157,320.4409448818898,127,12.716187407449045
X200_15492_PB1.tif,808,4.564516129032258,318.0752688172043,186,15.389040103942165
