Tile_ID,Mask_ID,Centroid_X,Centroid_Y,Area,Equivalent_Diameter,2P_thickness
Image_0,377,629.4864864864865,59.4954954954955,111.0,11.888212206450683,0.0
Image_0,389,614.5827814569536,60.37086092715232,151.0,13.86575534383214,0.0
Image_0,393,596.811475409836,73.6311475409836,122.0,12.463355264843006,0.0
Image_0,158,581.3220338983051,73.51694915254237,118.0,12.257335203001883,0.0
Image_0,383,567.953488372093,73.66666666666667,129.0,12.815923738491737,0.0
Image_0,373,550.9350649350649,75.7987012987013,154.0,14.002817212590296,0.0
Image_0,1311,535.4468085106383,80.43971631205673,141.0,13.398760233979036,0.0
Image_0,1305,521.7067669172932,82.2781954887218,133.0,13.013103375051497,0.0
Image_0,1309,505.06875,83.73125,160.0,14.27299292922217,0.0
Image_0,1312,488.5748031496063,85.61417322834646,127.0,12.716187407449045,0.0
Image_0,1314,473.80405405405406,85.88513513513513,148.0,13.727325035155395,0.0
Image_0,1172,457.8098591549296,87.30281690140845,142.0,13.446189622059965,0.0
Image_0,1187,440.2522522522523,85.68468468468468,222.0,16.812470934731934,0.0
Image_0,1186,418.7884615384616,89.75,156.0,14.093451279891855,0.0
Image_0,1174,403.3136094674557,93.3846153846154,169.0,14.668929172241665,0.0
Image_0,1049,383.1391304347826,95.49565217391304,230.0,17.112717355495807,0.0
Image_0,1045,363.252427184466,95.6747572815534,206.0,16.195287778099022,3.3453009944231944
Image_0,1070,335.68674698795184,118.59036144578312,166.0,14.538148590038452,0.0
Image_0,1083,322.85714285714283,117.11904761904762,42.0,7.312732791431452,1.1849717696435391
Image_0,958,300.20238095238096,122.49404761904762,168.0,14.625465582862905,0.0
Image_0,957,281.0611111111112,124.33888888888887,180.0,15.13879513212096,0.0
Image_0,956,260.67782426778246,128.77405857740587,239.0,17.44431859350499,0.0
Image_0,825,241.82872928176795,131.16022099447514,181.0,15.180789096653193,0.0
Image_0,819,226.8175675675676,133.34459459459458,148.0,13.727325035155395,0.0
Image_0,816,212.6778523489933,134.0335570469799,149.0,13.773623058786647,0.0
Image_0,1552,199.0,140.0,5.0,2.5231325220201604,0.0
Image_0,1552,183.19444444444449,136.38888888888889,216.0,16.583719174624104,0.0
Image_0,692,167.83333333333334,138.70238095238096,168.0,14.625465582862905,0.0
Image_0,691,152.47727272727272,139.0909090909091,176.0,14.96964127403822,0.0
Image_0,708,137.515873015873,140.1031746031746,126.0,12.666024736934256,0.0
Image_0,704,123.7983870967742,140.28225806451613,124.0,12.565098628628435,0.0
Image_0,700,109.02631578947368,141.55263157894737,152.0,13.911592676604096,0.0
Image_0,530,94.40993788819875,143.45962732919256,161.0,14.317526556719258,0.0
Image_0,547,79.88235294117646,147.10588235294117,170.0,14.712264360219256,0.0
Image_0,538,67.15384615384616,161.6153846153846,78.0,9.965574970333758,0.0
Image_0,535,53.70103092783505,161.57731958762886,97.0,11.11324596323283,0.0
Image_0,532,38.70212765957447,163.56382978723406,94.0,10.94004191971426,0.0
Image_0,545,23.11304347826087,164.31304347826088,115.0,12.100518486599809,0.0
Image_0,1700,6.770833333333333,166.34166666666667,240.0,17.480774889473267,0.0
Image_1,648,635.359375,244.328125,64.0,9.0270333367641,1.2075188320709334
Image_1,670,623.5,251.0,6.0,2.763953195770684,0.0
Image_1,2027,610.5433198380567,253.1619433198381,336.51774,20.699461202478336,0.4626113136447394
Image_1,318,587.5,257.0,6.0,2.763953195770684,8.012809363650078
Image_1,1878,568.6666666666666,263.3333333333333,3.0,1.95441004761168,3.5112235602361914
Image_1,671,557.5,262.0,6.0,2.763953195770684,3.4983154691606844
Image_1,1754,546.0,262.5,4.0,2.256758334191025,3.2542453838229886
Image_1,1751,528.6518518518518,274.2518518518518,135.0,13.110581167104948,0.0
Image_1,1753,518.5454545454545,266.6363636363636,11.0,3.742410318509555,0.0
Image_1,1755,503.1265060240964,273.9156626506024,166.0,14.538148590038452,0.0
Image_1,1879,488.94358974358977,275.4717948717949,195.0,15.7569575497098,0.0
Image_1,1889,474.09302325581393,279.7674418604651,86.0,10.464157913908982,0.0
Image_1,285,461.5625,275.46875,32.0,6.383076486422923,0.0
Image_1,1607,448.0952380952381,282.42857142857144,147.0,13.680870333281758,0.0
Image_1,1605,432.8654970760234,285.03508771929825,171.0,14.755472278097804,0.0
Image_1,1600,419.2113821138211,284.3333333333333,123.0,12.514330345744634,5.4194540149246535
Image_1,1450,393.3529411764706,291.47058823529414,17.0,4.652426491681278,6.87297211865077
Image_1,265,374.0,297.5,6.0,2.763953195770684,3.249615978735
Image_1,1463,360.55555555555554,298.1111111111111,18.0,4.787307364817192,4.104742870769398
Image_1,1460,345.5,297.0,6.0,2.763953195770684,5.748639602287552
Image_1,1458,330.0,298.0,3.0,1.95441004761168,6.629603407399359
Image_1,1984,315.9,318.43333333333334,90.0,10.704744696916627,0.0
Image_1,1301,305.37142857142857,320.22857142857146,105.0,11.562445770562215,0.0
Image_1,1296,294.59166666666664,322.75,120.0,12.360774464742066,0.0
Image_1,1316,283.5729166666667,324.7083333333333,96.0,11.055812783082736,2.830913760141889
Image_1,1305,273.5,309.0,6.0,2.763953195770684,3.8815563912728024
Image_1,1317,262.5058823529412,325.7647058823529,85.0,10.403141895720198,0.0
Image_1,1318,252.2674418604651,327.36046511627904,86.0,10.464157913908982,0.0
Image_1,1179,238.3471074380165,330.9917355371901,242.0,17.55346033766304,0.0
Image_1,1181,221.32380952380956,334.4190476190476,210.0,16.351767622932517,1.0990602549166475
Image_1,1176,208.5,320.0,2.0,1.5957691216057308,4.931667698159021
Image_1,1183,189.7363184079602,338.4278606965174,201.0,15.99753570059363,0.0
Image_1,1047,172.20494699646642,341.3462897526502,283.0,18.982275710779543,0.0
Image_1,145,152.89641434262947,343.59362549800795,251.0,17.876888032555495,0.0
Image_1,1041,136.7116564417178,345.3803680981595,163.0,14.406180819073164,0.0
Image_1,1043,125.23214285714286,346.4732142857143,112.0,11.941642642883693,0.0
Image_1,133,111.35580524344569,348.64044943820227,267.0,18.437867513470437,0.0
Image_1,858,95.24050632911391,350.12025316455697,158.0,14.183506197980655,0.0
Image_1,857,83.99186991869918,352.520325203252,123.0,12.514330345744634,0.0
Image_1,856,71.22727272727273,354.20454545454544,176.0,14.96964127403822,0.0
Image_1,876,53.39655172413793,357.5,58.0,8.593479713983122,0.9399940521707784
Image_1,867,30.782608695652176,359.7826086956522,138.0,13.255453865237978,0.0
Image_1,868,18.55555555555556,360.23148148148147,108.0,11.726460285670075,0.0
Image_2,483,636.4166666666666,295.1388888888889,72.0,9.574614729634384,1.1440523429275515
Image_2,40,622.5595238095239,311.2738095238095,84.0,10.34176589165282,0.0
Image_2,487,611.9622641509434,300.3207547169811,53.0,8.214724333230155,0.0
Image_2,495,600.4,301.42857142857144,35.0,6.6755811781245455,0.0
Image_2,489,588.5512820512821,303.2564102564103,78.0,9.965574970333758,0.0
Image_2,480,567.7165354330708,307.61417322834643,127.0,12.716187407449045,0.0
Image_2,504,552.3943661971831,323.4647887323944,142.0,13.446189622059965,0.0
Image_2,1426,536.6008230452675,326.7818930041152,243.0,17.58969042850512,0.0
Image_2,1418,515.9187279151944,330.76325088339223,283.0,18.982275710779543,0.0
Image_2,1576,497.7,339.7,10.0,3.5682482323055424,5.310005635790022
Image_2,1579,481.125,341.25,8.0,3.1915382432114616,0.0
Image_2,1571,470.8251748251748,339.45104895104896,286.0,19.08262324195121,0.0
Image_2,1579,447.04067796610167,342.49830508474577,295.0,19.38054864282415,0.0
Image_2,148,431.6818181818182,343.6363636363636,22.0,5.292567428401227,4.399078005888816
Image_2,1303,415.1666666666667,351.0,18.0,4.787307364817192,2.2228046199392004
Image_2,1189,385.8557114228457,366.13426853707415,499.0,25.20608126668733,0.0
Image_2,1187,354.40485074626866,372.6175373134328,536.0,26.123866405607867,0.0
Image_2,1704,326.182,376.514,500.0,25.2313252202016,0.0
Image_2,1085,313.6755319148936,392.9787234042553,188.0,15.471555655790098,0.0
Image_2,137,303.5398230088496,382.4778761061947,113.0,11.994835078277376,0.0
Image_2,1079,282.9033149171271,381.8453038674033,362.0,21.468877828012552,0.0
Image_2,1105,264.7227722772277,401.15841584158414,101.0,11.340070282773889,0.0
Image_2,1106,253.40740740740745,401.4074074074074,81.0,10.155412503859614,0.0
Image_2,973,241.98387096774192,402.5725806451613,124.0,12.565098628628435,0.0
Image_2,980,231.9431818181818,404.0568181818182,88.0,10.585134856802457,0.15050296784228578
Image_2,988,212.9705882352941,407.80882352941177,68.0,9.304852983362556,0.0
Image_2,972,197.75303643724695,409.9352226720648,247.0,17.733870630789692,0.0
Image_2,978,178.48704663212436,414.7564766839378,193.0,15.67594437773643,1.4542569954223694
Image_2,1715,164.5,429.0,4.0,2.256758334191025,6.739507801580546
Image_2,869,147.5,434.0,6.0,2.763953195770684,10.973521607644573
Image_2,868,122.5,440.5,4.0,2.256758334191025,9.230207192004308
Image_2,717,100.5,440.0,4.0,2.256758334191025,4.045460923310147
Image_2,717,75.73544973544973,439.4603174603175,189.0,15.512648837479231,0.0
Image_2,709,56.34274193548387,441.23790322580646,248.0,17.769732893161912,0.0
Image_2,728,37.35714285714285,455.25714285714287,70.0,9.440697438826296,7.038275667574361
Image_2,82,13.4,462.2,5.0,2.5231325220201604,0.8187464886220601
Image_2,84,1.88,463.78,50.0,7.978845608028654,0.0
Image_3,446,634.2173913043479,173.8695652173913,161.0,14.317526556719258,0.0
Image_3,1663,617.4557823129252,176.92176870748298,294.0,19.347672370394783,0.0
Image_3,480,599.7257142857143,179.85714285714286,175.0,14.927053303604616,0.0
Image_3,479,583.6984732824427,179.7824427480916,262.0,18.26441241104166,0.0
Image_3,474,565.2145593869732,182.11494252873564,261.0,18.229523339239496,0.0
Image_3,449,552.2836257309941,167.406432748538,342.0,20.867389014906145,0.0
Image_3,1493,534.8827586206896,170.6551724137931,145.0,13.58748446131949,0.0
Image_3,1496,524.6767676767677,161.15151515151516,99.0,11.227230955528665,0.0
Image_3,1678,509.783185840708,173.24778761061947,226.0,16.96325844612841,0.0
Image_3,1509,498.5348837209302,178.31007751937983,129.0,12.815923738491737,0.012653052443535984
Image_3,1674,486.5,168.2,10.0,3.5682482323055424,1.2311880367743218
Image_3,1355,466.1020408163265,158.25306122448978,245.0,17.66192765414112,0.0
Image_3,1363,453.0,167.5,0.544968,0.8329914814781915,9.256503766697602
Image_3,1363,421.09294320137695,163.72289156626505,158.313204,14.197557247164914,0.0
Image_3,1845,397.49608355091385,167.14360313315927,383.0,22.08281561833924,0.0
Image_3,1210,380.80392156862746,167.25882352941176,255.0,18.01877032173579,0.0
Image_3,1209,366.1692307692308,167.26923076923077,260.0,18.19456736586892,0.0
Image_3,123,354.13953488372096,152.97674418604652,43.0,7.399277020331919,0.0
Image_3,122,341.72727272727275,153.15702479338842,121.0,12.412170838050638,0.0
Image_3,1846,329.0,155.55555555555554,9.0,3.385137501286538,0.684681650778268
Image_3,1082,313.15315315315314,157.2882882882883,111.0,11.888212206450683,0.0
Image_3,1078,302.11764705882354,158.87394957983193,119.0,12.309163489997376,0.0
Image_3,1085,289.7232142857143,159.97321428571428,112.0,11.941642642883693,0.0
Image_3,1075,273.36526946107784,164.53293413173654,167.0,14.581872443920645,0.0
Image_3,1080,262.64912280701753,145.28947368421052,114.0,12.047792665040705,0.0
Image_3,939,246.1021897810219,145.90510948905109,137.0,13.207339536360733,0.0
Image_3,108,224.6789297658863,148.35785953177256,299.0,19.511499785403828,0.0
Image_3,1801,207.41233766233765,145.89935064935065,308.0,19.80297401347661,0.0
Image_3,948,195.1578947368421,160.60526315789474,76.0,9.83698151873187,0.0
Image_3,1725,173.78040540540542,148.98986486486487,296.0,19.413369239820483,0.0
Image_3,1732,163.5,149.5,4.0,2.256758334191025,4.661886248841894
Image_3,1735,150.0,150.0,5.0,2.5231325220201604,0.0
Image_3,1732,139.84590163934425,156.04262295081966,305.0,19.70629496237749,0.0
Image_3,808,121.43132530120482,153.6265060240964,415.0,22.98683125324351,0.0
Image_3,1746,104.85714285714286,139.0,7.0,2.985410660720923,8.408706699136719
Image_3,2026,85.5,143.0,0.544968,0.8329914814781915,8.042892105765834
Image_3,651,68.33333333333333,137.33333333333334,3.0,1.95441004761168,4.044287671518747
Image_3,641,45.17741935483871,144.8978494623656,186.0,15.389040103942165,0.0
Image_3,656,32.63917525773196,133.28865979381445,97.0,11.11324596323283,0.0
Image_3,642,20.639097744360903,135.88721804511275,133.0,13.013103375051497,0.0
Image_3,52,10.190184049079754,149.69325153374234,163.0,14.406180819073164,0.0
Image_4,458,635.5370370370371,322.60185185185185,108.0,11.726460285670075,0
Image_4,1574,622.488188976378,323.6456692913386,127.0,12.716187407449045,0
Image_4,498,607.632911392405,325.493670886076,158.0,14.183506197980655,0
Image_4,497,593.9147286821706,326.5348837209302,129.0,12.815923738491737,0
Image_4,496,579.7957746478874,326.4577464788732,142.0,13.446189622059965,0
Image_4,492,566.1825396825396,327.2857142857143,126.0,12.666024736934256,0
Image_4,500,552.9558823529412,329.4117647058824,136.0,13.159049284959082,0
Image_4,1420,537.0893854748604,329.98324022346367,179.0,15.09668435477122,0
Image_4,1421,520.615894039735,330.9072847682119,151.0,13.86575534383214,0
Image_4,124,502.6666666666667,334.875,24.0,5.527906391541368,0
Image_4,1422,488.1785714285714,331.74285714285713,140.0,13.351162356249093,0
Image_4,1423,473.22085889570553,334.77914110429447,163.0,14.406180819073164,0
Image_4,1577,458.12820512820514,334.53846153846155,156.0,14.093451279891855,0
Image_4,1320,443.8251748251748,335.6293706293706,143.0,13.49345229721172,0
Image_4,1314,430.6296296296296,337.05925925925925,135.0,13.110581167104948,0
Image_4,1316,415.6184971098266,339.64739884393066,173.0,14.841510746523856,0
Image_4,1317,399.83842794759823,343.10043668122273,229.0,17.075475271404667,0
Image_4,111,381.5352112676056,346.0892018779343,213.0,16.46815177937675,0
Image_4,1211,367.1644736842105,347.76973684210526,152.0,13.911592676604096,0
Image_4,1214,356.71276595744683,348.51063829787233,94.0,10.94004191971426,0
Image_4,106,346.2857142857143,347.9747899159664,119.0,12.309163489997376,0
Image_4,1204,334.3821656050956,349.45222929936307,157.0,14.13855043925722,0
Image_4,1075,319.39351851851853,352.712962962963,216.0,16.583719174624104,0
Image_4,1082,304.37894736842105,353.0684210526316,190.0,15.553633450087505,0
Image_4,1090,290.12578616352204,353.8553459119497,159.0,14.228319915327,0
Image_4,1077,274.4923076923077,337.0,195.0,15.7569575497098,0
Image_4,1071,261.1531914893617,339.2978723404256,235.0,17.297725082009,0
Image_4,943,247.6082474226804,340.13917525773195,194.0,15.716503163191918,0
Image_4,942,233.44912280701757,342.6701754385965,285.0,19.04923279949934,0
Image_4,934,217.4980988593156,344.9885931558935,263.0,18.29923496393627,0
Image_4,940,202.3254901960784,348.08235294117645,255.0,18.01877032173579,0
Image_4,936,186.04511278195488,351.07894736842104,266.0,18.403307281560924,0
Image_4,815,170.04296875,351.87109375,256.0,18.0540666735282,0
Image_4,824,154.12847222222223,353.25347222222223,288.0,19.149229459268767,0
Image_4,812,138.5721393034826,355.6666666666667,201.0,15.99753570059363,0
Image_4,808,123.3286219081272,356.74558303886926,283.0,18.982275710779543,0
Image_4,819,105.15517241379312,357.6620689655172,290.0,19.21560480373171,0
Image_4,665,88.44949494949495,359.4040404040404,198.0,15.877702285203682,0
Image_4,666,76.01481481481481,359.84444444444443,135.0,13.110581167104948,0
Image_4,663,64.18852459016394,360.2950819672131,122.0,12.463355264843006,0
Image_4,673,51.968,363.304,125.0,12.6156626101008,0
Image_4,671,39.45783132530121,362.078313253012,166.0,14.538148590038452,0
Image_4,674,23.79878048780488,362.6585365853659,164.0,14.450303987687134,0
Image_4,675,9.422764227642276,365.5447154471545,123.0,12.514330345744634,0
Image_5,361,625.054347826087,209.63768115942028,276.0,18.746042631630413,0.0
Image_5,371,612.574074074074,209.8703703703704,54.0,8.291859587312052,2.137635386926915
Image_5,1323,585.6331658291457,214.1859296482412,199.0,15.91774699517169,0.0
Image_5,369,568.8333333333334,216.9333333333333,180.0,15.13879513212096,0.0
Image_5,1345,549.1138613861386,217.84158415841583,202.0,16.03728119216293,0.0
Image_5,1140,532.6733668341709,220.4070351758794,199.0,15.91774699517169,0.0
Image_5,1138,516.906432748538,221.83040935672517,171.0,14.755472278097804,0.0
Image_5,123,498.8080357142857,223.42410714285717,224.0,16.88803298257901,0.0
Image_5,1131,479.61187214611874,225.013698630137,219.0,16.698486766680407,0.0
Image_5,1311,469.0,212.0,1.0,1.1283791670955126,7.10944488066373
Image_5,1037,452.0,214.0,5.0,2.5231325220201604,1.8743712162180497
Image_5,1020,431.8372093023256,214.88953488372093,172.0,14.798554040663838,0.0
Image_5,1042,417.5,211.0,4.0,2.256758334191025,0.0
Image_5,1021,402.7,216.6529411764706,170.0,14.712264360219256,0.0
Image_5,922,388.020725388601,218.69948186528495,193.0,15.67594437773643,0.0
Image_5,904,371.16,220.1955555555556,225.0,16.925687506432688,0.0
Image_5,913,354.29585798816566,221.80473372781063,169.0,14.668929172241665,0.0
Image_5,923,340.55797101449275,209.28985507246375,138.0,13.255453865237978,1.8468595822791132
Image_5,1434,330.0,224.0,3.0,1.95441004761168,3.5315603244177725
Image_5,788,313.0,211.98425196850397,127.0,12.716187407449045,0.0
Image_5,90,302.9312977099237,226.10687022900763,262.0,18.26441241104166,0.0
Image_5,786,284.1025641025641,228.9128205128205,195.0,15.7569575497098,0.0
Image_5,792,268.5045871559633,215.55963302752292,109.0,11.780624362746345,0.0
Image_5,796,252.89320388349515,215.33009708737865,103.0,11.451797811161432,0.0
Image_5,677,239.24137931034485,224.1034482758621,58.0,8.593479713983122,0.0
Image_5,663,223.89361702127655,215.6382978723404,94.0,10.94004191971426,0.0
Image_5,1365,207.3984962406015,217.10526315789477,133.0,13.013103375051497,0.0
Image_5,66,188.63392857142856,219.69642857142856,112.0,11.941642642883693,0.7811981220147572
Image_5,678,178.0,229.5,2.0,1.5957691216057308,5.033190935723487
Image_5,62,156.23853211009174,223.9633027522936,109.0,11.780624362746345,0.0
Image_5,562,141.5703125,225.7578125,128.0,12.766152972845846,0.0
Image_5,1399,130.9244604316547,212.7625899280576,278.0,18.81384047546846,0.0
Image_5,57,114.64957264957263,227.69230769230768,117.0,12.205286835384658,0.0
Image_5,447,100.0,228.2244897959184,98.0,11.170383851240114,0.0
Image_5,1402,87.85365853658537,229.08943089430892,123.0,12.514330345744634,0.0
Image_5,448,76.02608695652174,216.68695652173912,115.0,12.100518486599809,0.0
Image_5,440,63.392857142857146,217.3571428571429,140.0,13.351162356249093,0.0
Image_5,456,48.14917127071824,218.4364640883978,181.0,15.180789096653193,0.0
Image_5,458,30.60264900662252,220.0264900662252,151.0,13.86575534383214,0.0
Image_5,449,13.620689655172416,222.02758620689656,145.0,13.58748446131949,0.0
Image_5,30,2.3728813559322037,224.3728813559322,59.0,8.667244841319219,0.0
Image_6,50,631.9141104294479,423.1533742331288,163.0,14.406180819073164,0.0
Image_6,49,619.4554455445544,423.35643564356434,202.0,16.03728119216293,0.0
Image_6,505,605.9671361502348,425.7089201877934,213.0,16.46815177937675,0.0
Image_6,501,592.4491978609626,427.24064171123,187.0,15.430353037616328,0.0
Image_6,508,577.9606986899563,427.6244541484716,229.0,17.075475271404667,0.0
Image_6,496,563.9767441860465,428.3069767441861,215.0,16.545286401814263,0.0
Image_6,492,549.4162895927602,429.5565610859729,221.0,16.774562271083887,0.0
Image_6,1387,535.3694267515923,430.78980891719743,157.0,14.13855043925722,0.0
Image_6,1391,520.7904191616766,431.03592814371257,167.0,14.581872443920645,0.0
Image_6,1398,507.0,443.5,58.0,8.593479713983122,3.0951098642423602
Image_6,180,490.4193548387097,455.0,31.0,6.282549314314218,0.0
Image_6,1428,476.262987012987,447.6233766233766,308.0,19.80297401347661,0.0
Image_6,1511,465.57065217391306,448.23369565217394,184.0,15.306079714651624,0.0
Image_6,1266,452.9090909090909,456.6363636363636,11.0,3.742410318509555,0.0
Image_6,1261,442.13793103448273,460.5024630541872,203.0,16.07692842495848,0.0
Image_6,1269,426.3333333333333,462.505376344086,186.0,15.389040103942165,0.0
Image_6,1267,413.37654320987656,465.9135802469136,162.0,14.361922094451575,0.0
Image_6,1506,397.0414746543779,468.2903225806452,217.0,16.622063085174787,0.0
Image_6,1667,386.5,467.1666666666667,6.0,2.763953195770684,1.9429941554240253
Image_6,163,376.1578947368421,459.2368421052632,38.0,6.955796338302048,0.0
Image_6,1667,363.8925619834711,470.400826446281,242.0,17.55346033766304,0.0
Image_6,1479,344.51851851851853,472.4781144781145,297.0,19.44613444328572,0.0
Image_6,1157,328.3355263157895,473.9407894736842,152.0,13.911592676604096,0.0
Image_6,1481,315.5233644859813,472.98130841121497,214.0,16.50676414605009,0.0
Image_6,1039,300.96311475409834,474.53688524590166,244.0,17.625846048215095,0.0
Image_6,1043,283.2827380952381,476.8809523809524,336.0,20.683531783305643,0.0
Image_6,1484,264.22683706070285,479.12460063897765,313.0,19.963065333312567,0.0
Image_6,928,253.0,483.5,2.0,1.5957691216057308,1.633714949275065
Image_6,915,232.3258928571429,480.9196428571428,224.0,16.88803298257901,0.0
Image_6,921,217.77092511013217,482.88546255506606,227.0,17.000746355818674,0.0
Image_6,924,203.8177339901478,485.95073891625617,203.0,16.07692842495848,0.0
Image_6,922,191.4797297297297,486.8986486486487,148.0,13.727325035155395,0.0
Image_6,914,178.24113475177305,487.8617021276596,282.0,18.948708441878452,0.0
Image_6,787,163.42918454935622,487.6480686695279,233.0,17.22396045987371,4.3704970197367405
Image_6,121,139.2,500.2,5.0,2.5231325220201604,2.7608352693128424
Image_6,799,123.06930693069307,509.3960396039604,101.0,11.340070282773889,0.0
Image_6,798,111.23762376237624,509.4554455445544,101.0,11.340070282773889,0.0
Image_6,678,97.12380952380953,509.6,210.0,16.351767622932517,0.0
Image_6,666,79.56593406593407,516.032967032967,182.0,15.222667215103916,0.0
Image_6,672,63.90361445783133,517.8072289156627,83.0,10.280023453913834,0.0
Image_6,675,52.06976744186046,519.4186046511628,86.0,10.464157913908982,0.0
Image_6,665,38.31,519.91,100.0,11.283791670955123,0.0
Image_6,669,26.1264367816092,522.3333333333334,87.0,10.524820207108489,0.0
Image_6,673,12.944055944055943,521.7832167832167,143.0,13.49345229721172,0.0
Image_7,67,634.03125,468.0833333333333,96.0,11.055812783082736,0.0
Image_7,642,619.256,470.448,125.0,12.6156626101008,0.0
Image_7,650,606.8924731182796,470.6989247311828,93.0,10.881694613449236,0.0
Image_7,1746,594.0,472.5,78.0,9.965574970333758,0.0
Image_7,676,579.6455696202531,473.9240506329114,79.0,10.02925341359355,0.0
Image_7,664,566.6103896103896,475.35064935064935,77.0,9.901487006738307,0.0
Image_7,668,553.6582278481013,476.2911392405063,79.0,10.02925341359355,3.5831255922761116
Image_7,1631,528.0666666666667,479.8,75.0,9.772050238058398,0.0
Image_7,1641,517.948905109489,472.963503649635,137.0,13.207339536360733,0.0
Image_7,1629,505.3738317757009,481.803738317757,107.0,11.67204486311899,0.0
Image_7,1619,493.3655913978495,482.5268817204301,93.0,10.881694613449236,0.0
Image_7,1626,482.0092592592592,483.3240740740741,108.0,11.726460285670075,0.0
Image_7,1499,471.3809523809524,485.7238095238095,105.0,11.562445770562215,0.0
Image_7,1494,459.11764705882354,486.436974789916,119.0,12.309163489997376,0.0
Image_7,1505,446.05384615384617,487.0384615384616,130.0,12.865501965161371,0.0
Image_7,1496,431.6861313868613,488.73722627737226,137.0,13.207339536360733,0.0
Image_7,1500,418.3529411764706,490.5441176470589,136.0,13.159049284959082,0.0
Image_7,1502,403.9132947976879,491.8728323699422,173.0,14.841510746523856,0.0
Image_7,1381,390.2616822429907,491.7289719626168,107.0,11.67204486311899,0.0
Image_7,1387,376.25,495.38953488372096,172.0,14.798554040663838,0.0
Image_7,1385,362.9642857142857,498.3571428571428,140.0,13.351162356249093,0.0
Image_7,1384,350.0,495.0,3.0,1.95441004761168,0.10533684821843714
Image_7,1384,335.60736196319016,501.6932515337424,163.0,14.406180819073164,0.0
Image_7,1260,320.1587301587302,502.2592592592592,189.0,15.512648837479231,0.0
Image_7,178,304.38277511961724,503.1866028708134,209.0,16.312788383647018,0.0
Image_7,1262,288.1116504854369,504.7718446601942,206.0,16.195287778099022,0.0
Image_7,1277,270.6934306569343,493.24817518248176,137.0,13.207339536360733,0.0
Image_7,1270,256.73880597014926,494.73880597014926,134.0,13.061933202803932,0.0
Image_7,1156,242.23030303030305,496.2969696969697,165.0,14.494292838262302,1.3812803950883712
Image_7,1158,229.0,509.5,4.0,2.256758334191025,1.3206081275745643
Image_7,1149,212.3709677419355,499.4462365591398,186.0,15.389040103942165,0.0
Image_7,1147,197.87709497206703,501.01675977653633,179.0,15.09668435477122,0.0
Image_7,1677,185.0,506.0,1.0,1.1283791670955126,0.7077836600951581
Image_7,1677,167.17073170731706,504.2829268292683,205.0,16.15593100600236,0.0
Image_7,1019,149.20388349514562,508.1504854368932,206.0,16.195287778099022,0.0
Image_7,1025,134.11811023622047,509.1811023622048,127.0,12.716187407449045,0.0
Image_7,1029,122.86915887850468,509.1869158878505,107.0,11.67204486311899,1.858312133031239
Image_7,1031,103.70588235294116,508.05882352941177,17.0,4.652426491681278,0.0
Image_7,872,87.21428571428571,513.0642857142857,140.0,13.351162356249093,0.0
Image_7,873,73.77083333333333,513.4375,144.0,13.540550005146152,0.0
Image_7,866,59.95977011494253,514.1666666666666,174.0,14.884343478431232,0.0
Image_7,884,48.90476190476191,507.4285714285714,42.0,7.312732791431452,0.0
Image_7,1673,38.24770642201835,516.5107033639143,327.0,20.4046399411604,0.0
Image_7,879,18.0,509.52,50.0,7.978845608028654,0.0
Image_7,1670,4.236559139784946,509.0537634408602,93.0,10.881694613449236,0.0
Image_8,478,626.289156626506,95.7710843373494,83.0,10.280023453913834,0.0
Image_8,487,615.8453237410072,88.96762589928058,278.0,18.81384047546846,0.0
Image_8,452,595.5373134328358,99.26119402985074,134.0,13.061933202803932,0.0
Image_8,479,582.3434343434343,98.6060606060606,99.0,11.227230955528665,0.0
Image_8,456,561.4468085106383,99.19148936170212,141.0,13.398760233979036,0.0
Image_8,459,546.7521367521367,99.8119658119658,117.0,12.205286835384658,0.0
Image_8,1444,534.2450980392157,100.68627450980392,102.0,11.396070970426017,0.0
Image_8,1454,519.0,103.45641025641024,195.0,15.7569575497098,0.0
Image_8,1755,508.40618101545255,104.5121412803532,453.0,24.01619274083693,0.0
Image_8,1469,478.3045977011494,105.23563218390804,174.0,14.884343478431232,0.0
Image_8,189,459.1411764705882,106.73529411764706,170.0,14.712264360219256,0.0
Image_8,1346,438.8189300411522,110.28395061728396,243.0,17.58969042850512,0.0
Image_8,182,419.2055555555556,111.32777777777778,180.0,15.13879513212096,0.0
Image_8,1353,400.351598173516,126.26940639269408,219.0,16.698486766680407,0.0
Image_8,1225,378.9662447257384,128.8945147679325,237.0,17.371176474327626,0.0
Image_8,1223,360.2020202020202,131.03535353535352,198.0,15.877702285203682,0.0
Image_8,1228,344.54368932038835,134.07766990291262,103.0,11.451797811161432,0.0
Image_8,1230,331.0782608695652,135.36521739130436,115.0,12.100518486599809,0.0
Image_8,1086,317.0192307692308,135.6346153846154,156.0,14.093451279891855,0.0
Image_8,1758,306.12,139.72,25.0,5.641895835477563,6.253197994284852
Image_8,1094,295.0,124.0,3.0,1.95441004761168,10.048886321079504
Image_8,1099,273.0,127.0,1.0,1.1283791670955126,4.291236466088356
Image_8,1096,258.7758620689655,142.3706896551724,116.0,12.153015559492998,0.0
Image_8,953,248.2153846153846,145.7846153846154,65.0,9.09728368293446,0.0
Image_8,948,234.70063694267515,145.5031847133758,157.0,14.13855043925722,0.0
Image_8,956,222.53333333333333,147.2888888888889,45.0,7.569397566060481,2.08642548672891
Image_8,1638,205.1752577319588,133.94845360824743,97.0,11.11324596323283,0.0
Image_8,121,194.84821428571428,147.3125,112.0,11.941642642883693,0.0
Image_8,120,182.23157894736843,148.0842105263158,95.0,10.998079684646791,0.0
Image_8,789,169.0,137.5810810810811,74.0,9.70668461991024,1.2234216292355065
Image_8,106,151.4794520547945,148.93150684931507,73.0,9.640875829802336,0.0
Image_8,792,138.06716417910448,148.52985074626866,134.0,13.061933202803932,0.0
Image_8,785,124.05263157894736,149.8421052631579,76.0,9.83698151873187,0.0
Image_8,94,112.55223880597016,149.82089552238807,67.0,9.23618154310838,0.0
Image_8,648,101.15517241379312,150.51724137931035,58.0,8.593479713983122,0.0
Image_8,1643,86.11111111111111,162.77777777777777,153.0,13.957279475043832,0.3709300889705416
Image_8,1643,71.0,164.0,1.0,1.1283791670955126,0.0
Image_8,1635,54.34684684684685,166.5045045045045,222.0,16.812470934731934,0.0
Image_8,658,35.903225806451616,159.0,62.0,8.884866446580956,0.0
Image_8,643,17.635593220338983,162.60593220338984,236.0,17.334489682638438,0.0
Image_9,319,636.0169491525423,12.76271186440678,59.0,8.667244841319219,0.0
Image_9,15,619.2026143790849,14.77777777777778,306.0,19.738573927438622,3.404710075139038
Image_9,1285,594.0,23.0,1.0,1.1283791670955126,3.4684963550256533
Image_9,297,570.0666666666667,22.537777777777777,225.0,16.925687506432688,0.0
Image_9,1274,544.306905370844,25.43478260869565,391.0,22.31225362870028,0.0
Image_9,1114,519.3682432432432,27.4222972972973,296.0,19.413369239820483,0.0
Image_9,117,501.7063829787234,33.229787234042554,235.0,17.297725082009,0.0
Image_9,1128,478.85145888594167,34.60212201591512,377.0,21.90916037563184,0.0
Image_9,1029,449.2086956521739,37.221739130434784,460.0,24.201036973199617,0.0
Image_9,1039,426.1184834123223,40.867298578199055,211.0,16.39065416446578,0.0
Image_9,1035,407.16326530612247,44.21632653061224,245.0,17.66192765414112,0.0
Image_9,941,389.63398692810455,46.50326797385621,153.0,13.957279475043832,0.0
Image_9,954,370.7413249211356,49.511041009463725,317.0,20.090219901261573,0.0
Image_9,954,353.2,46.8,5.0,2.5231325220201604,1.3172892567425096
Image_9,946,336.95348837209303,52.49612403100775,129.0,12.815923738491737,0.0
Image_9,859,322.17283950617286,53.98765432098765,162.0,14.361922094451575,0.0
Image_9,856,311.30434782608694,66.88819875776397,161.0,14.317526556719258,0.0
Image_9,857,294.4469696969697,68.84848484848484,132.0,12.964089628857147,0.0
Image_9,846,273.3046875,71.8359375,128.0,12.766152972845846,0.0
Image_9,1470,252.6355140186916,73.57009345794393,107.0,11.67204486311899,0.0
Image_9,729,230.40096618357487,64.41545893719807,207.0,16.23454913941803,0.0
Image_9,717,214.86567164179104,68.01492537313433,201.0,15.99753570059363,0.0
Image_9,736,204.30769230769232,72.92307692307692,13.0,4.068428945128219,0.0
Image_9,79,185.64676616915423,72.12437810945273,201.0,15.99753570059363,0.0
Image_9,617,164.08951406649615,73.32992327365729,391.0,22.31225362870028,0.0
Image_9,618,146.76991150442478,86.17699115044248,113.0,11.994835078277376,2.542180243851713
Image_9,617,133.2,73.2,5.0,2.5231325220201604,0.0
Image_9,610,121.44625407166124,79.66449511400651,307.0,19.77080019204319,0.0
Image_9,1347,110.0,81.5,6.0,2.763953195770684,0.29428839114316396
Image_9,1347,91.1898148148148,84.79166666666667,216.0,16.583719174624104,0.0
Image_9,431,78.04232804232804,86.4973544973545,189.0,15.512648837479231,0.0
Image_9,436,66.29333333333334,88.82666666666667,150.0,13.81976597885342,0.0
Image_9,444,53.71052631578947,90.83157894736844,190.0,15.553633450087505,0.0
Image_9,434,40.34745762711864,93.26694915254237,236.0,17.334489682638438,0.0
Image_9,1344,30.23076923076923,96.15384615384616,13.0,4.068428945128219,0.0
Image_9,428,10.672268907563025,98.41596638655462,238.0,17.407785949022028,0.0
Image_10,513,631.9119170984455,537.3419689119171,193.0,15.67594437773643,0
Image_10,510,614.6515151515151,539.6969696969697,132.0,12.964089628857147,0
Image_10,188,601.1724137931035,543.5402298850574,87.0,10.524820207108489,1.4532698172229273
Image_10,1368,591.0,534.0,1.0,1.1283791670955126,2.609659638517753
Image_10,185,576.0176991150443,543.1769911504425,113.0,11.994835078277376,0
Image_10,502,564.0734463276837,534.5706214689266,177.0,15.012108426804138,0
Image_10,505,547.6153846153846,535.7115384615385,104.0,11.507254783503184,0
Image_10,1350,533.9074074074074,537.8827160493827,162.0,14.361922094451575,0
Image_10,365,522.0284360189573,549.8672985781991,211.0,16.39065416446578,0
Image_10,143,505.7196261682243,540.8317757009346,107.0,11.67204486311899,0
Image_10,1336,490.0507246376812,543.0797101449275,138.0,13.255453865237978,0
Image_10,1335,478.7547169811321,532.6981132075472,159.0,14.228319915327,0
Image_10,1431,464.6666666666667,531.3333333333334,3.0,1.95441004761168,4.421499375311189
Image_10,1217,440.7126436781609,536.9310344827586,174.0,14.884343478431232,0
Image_10,126,422.25882352941176,539.3705882352941,170.0,14.712264360219256,0
Image_10,1214,405.6600790513834,526.9169960474309,253.0,17.94796937867892,0
Image_10,123,390.859649122807,543.4035087719299,114.0,12.047792665040705,0
Image_10,1102,368.3710247349823,530.0883392226149,283.0,18.982275710779543,0
Image_10,1111,356.3333333333333,532.6666666666666,3.0,1.95441004761168,2.470324530225067
Image_10,1099,331.34589041095893,534.7431506849315,292.0,19.281751659604677,0
Image_10,993,309.8917378917379,536.6923076923077,351.0,21.14017691983778,0
Image_10,1004,295.03389830508473,524.3559322033898,118.0,12.257335203001883,0
Image_10,1011,282.592,527.28,125.0,12.6156626101008,0
Image_10,1002,267.3649635036496,525.5255474452555,137.0,13.207339536360733,0
Image_10,1003,255.46511627906975,526.4360465116279,172.0,14.798554040663838,0.5588658133474205
Image_10,900,229.4308943089431,518.4471544715448,123.0,12.514330345744634,NA
Image_10,1398,162.36363636363637,532.0909090909091,11.0,3.742410318509555,1.7175515796128042
Image_10,795,143.5952380952381,529.0873015873016,126.0,12.666024736934256,0
Image_10,797,126.88571428571429,530.9857142857143,140.0,13.351162356249093,5.651517250547176
Image_10,1645,98.58730158730158,515.6349206349206,63.0,8.95623198216277,0
Image_10,679,81.3056768558952,515.1353711790393,229.0,17.075475271404667,0
Image_10,666,66.14903846153847,517.8846153846154,208.0,16.273715780512877,0
Image_10,675,49.96062992125984,519.5866141732283,254.0,17.983404693292407,0
Image_10,663,33.268398268398265,521.6190476190476,231.0,17.14987856615383,0
Image_10,661,17.271186440677965,524.4322033898305,236.0,17.334489682638438,0
Image_10,685,3.971428571428572,507.7714285714285,105.0,11.562445770562215,0
Image_11,408,635.476821192053,79.19205298013244,151.0,13.86575534383214,0.0
Image_11,401,624.4177215189874,96.34177215189874,79.0,10.02925341359355,0.0
Image_11,396,613.9381443298969,96.64948453608248,97.0,11.11324596323283,0.0
Image_11,405,601.7297297297297,98.85585585585584,111.0,11.888212206450683,0.0
Image_11,403,590.528735632184,99.33333333333331,87.0,10.524820207108489,0.0
Image_11,395,579.05,100.4,120.0,12.360774464742066,0.0
Image_11,1299,565.7848101265823,100.83544303797468,158.0,14.183506197980655,0.0
Image_11,424,553.9126213592233,103.10679611650484,103.0,11.451797811161432,0.0
Image_11,145,542.5,104.0,84.0,10.34176589165282,0.0
Image_11,1290,531.0777777777778,105.59444444444443,180.0,15.13879513212096,0.0
Image_11,1123,519.3297297297297,121.22702702702702,370.0,21.70480664627101,0.0
Image_11,135,503.130081300813,109.69918699186992,123.0,12.514330345744634,0.0
Image_11,1128,489.8407643312102,111.171974522293,157.0,14.13855043925722,0.0
Image_11,1272,475.3694029850746,128.6007462686567,268.0,18.47236308621676,0.0
Image_11,1419,463.5384615384616,134.76923076923077,13.0,4.068428945128219,0.0
Image_11,1025,453.0664451827242,132.17275747508305,301.0,19.576646877473276,0.0
Image_11,1030,433.54128440366975,134.6651376146789,218.0,16.66031874701878,0.0
Image_11,1028,416.8779527559056,137.3779527559055,254.0,17.983404693292407,0.0
Image_11,1038,400.2261904761905,137.51785714285714,168.0,14.625465582862905,0.0
Image_11,946,386.13461538461536,139.10897435897436,156.0,14.093451279891855,0.0
Image_11,947,375.6935483870968,141.9516129032258,124.0,12.565098628628435,7.809688802605439
Image_11,108,340.25688073394497,156.4311926605505,109.0,11.780624362746345,0.0
Image_11,1401,322.6333333333333,158.33333333333334,120.0,12.360774464742066,0.0
Image_11,849,305.9597701149425,161.80459770114942,174.0,14.884343478431232,0.0
Image_11,846,287.78409090909093,164.5681818181818,176.0,14.96964127403822,0.0
Image_11,858,269.8376068376068,165.31623931623932,117.0,12.205286835384658,0.0
Image_11,1389,254.8347826086957,166.7913043478261,115.0,12.100518486599809,0.0
Image_11,1388,241.07692307692307,167.32051282051282,78.0,9.965574970333758,0.0
Image_11,772,230.9855072463768,169.69565217391303,69.0,9.373021315815206,0.0
Image_11,756,219.33333333333331,169.91666666666666,72.0,9.574614729634384,0.11921011960754768
Image_11,1361,201.6929133858268,182.3464566929134,127.0,12.716187407449045,0.0
Image_11,93,185.2131147540984,184.6065573770492,122.0,12.463355264843006,0.0
Image_11,695,169.14358974358976,186.9435897435897,195.0,15.7569575497098,0.0
Image_11,88,151.37735849056602,188.122641509434,212.0,16.42944866646031,0.0
Image_11,698,141.0,201.0,1.0,1.1283791670955126,3.1272746588072753
Image_11,703,127.2093023255814,197.7906976744186,43.0,7.399277020331919,5.823180062511911
Image_11,1347,108.125,207.25,8.0,3.1915382432114616,0.0
Image_11,581,96.72058823529412,215.7830882352941,272.0,18.609705966725112,0.0
Image_11,582,76.8891820580475,216.88918205804748,379.0,21.96719798824208,0.0
Image_11,592,66.66666666666667,213.16666666666663,6.0,2.763953195770684,0.0
Image_11,577,52.1225,219.4,400.0,22.56758334191025,0.0
Image_11,596,37.696969696969695,210.34848484848484,66.0,9.16699568847508,2.6140524512650902
Image_11,63,8.821192052980132,225.41721854304637,302.0,19.60913925979463,0.0
Image_12,357,635.9166666666666,133.75,108.0,11.726460285670075,0
Image_12,372,625.2352941176471,136.22459893048128,187.0,15.430353037616328,0
Image_12,373,611.7329545454545,137.5625,176.0,14.96964127403822,0
Image_12,378,597.2,138.97368421052633,190.0,15.553633450087505,0
Image_12,361,583.0406091370559,141.61928934010152,197.0,15.837556323903858,0
Image_12,1414,566.4674329501916,143.76628352490422,261.0,18.229523339239496,0
Image_12,370,546.9123711340206,145.88144329896906,194.0,15.716503163191918,0
Image_12,1260,529.1526315789474,147.3736842105263,190.0,15.553633450087505,0
Image_12,1251,511.5182926829268,148.9268292682927,164.0,14.450303987687134,0
Image_12,1256,494.28648648648647,149.4756756756757,185.0,15.347615963921076,0
Image_12,1257,476.6585365853659,150.42073170731706,164.0,14.450303987687134,0
Image_12,1149,463.8706896551725,161.2155172413793,116.0,12.153015559492998,0
Image_12,1150,445.36206896551727,162.08620689655172,58.0,8.593479713983122,3.093969510492391
Image_12,1409,431.4285714285714,171.85714285714286,7.0,2.985410660720923,5.434072492124214
Image_12,1152,412.24590163934425,161.68852459016392,61.0,8.812923024107548,0
Image_12,1145,401.3820224719101,161.0,89.0,10.645107772184812,NA
Image_12,105,346.3543956043956,189.12637362637363,364.0,21.528102431092236,0
Image_12,1049,326.319018404908,190.0521472392638,326.0,20.37341629633241,0.22286610168629828
Image_12,1555,304.0,183.77777777777777,9.0,3.385137501286538,1.503720477274717
Image_12,930,281.2983606557377,194.24590163934425,305.0,19.70629496237749,0
Image_12,1538,270.57142857142856,200.7142857142857,7.0,2.985410660720923,2.1854563981233195
Image_12,1538,244.7269736842105,199.16118421052636,304.0,19.67396303746374,0
Image_12,815,230.3125,199.6875,16.0,4.51351666838205,0
Image_12,808,213.5023474178404,200.42723004694835,213.0,16.46815177937675,0
Image_12,816,203.4,204.2,10.0,3.5682482323055424,1.1028010124058572
Image_12,800,180.84337349397592,203.0562248995984,249.0,17.805522925178455,0
Image_12,683,163.96116504854368,206.10032362459543,309.0,19.83509564693766,0
Image_12,677,145.81,208.99,300.0,19.5441004761168,0
Image_12,1491,129.8544061302682,211.98467432950196,261.0,18.229523339239496,0
Image_12,678,114.0622406639004,214.16182572614107,241.0,17.517155313611116,0
Image_12,533,98.50446428571428,216.3080357142857,224.0,16.88803298257901,0
Image_12,532,83.05098039215686,218.83529411764707,255.0,18.01877032173579,3.3694555650115117
Image_12,543,59.0,226.5,2.0,1.5957691216057308,6.325696728937986
Image_12,1631,43.1764705882353,235.2941176470588,17.0,4.652426491681278,0
Image_12,1631,26.385756676557865,242.9525222551929,337.0,20.71428798138497,0
Image_12,524,9.031802120141345,245.15901060070672,283.0,18.982275710779543,0
Image_13,303,636.2307692307693,212.5,26.0,5.753627391751592,0.3120058642333188
Image_13,294,623.4503816793894,199.1526717557252,131.0,12.914889870235298,0.0
Image_13,289,609.875,199.94117647058823,136.0,13.159049284959082,0.0
Image_13,290,594.7368421052631,200.56140350877192,171.0,14.755472278097804,0.0
Image_13,292,579.1370967741935,202.4516129032258,124.0,12.565098628628435,0.0
Image_13,287,564.4,203.3692307692308,130.0,12.865501965161371,0.0
Image_13,299,552.0308641975308,190.4814814814815,162.0,14.361922094451575,0.0
Image_13,137,540.66,192.53333333333333,150.0,13.81976597885342,0.0
Image_13,1194,529.0337078651686,194.46067415730337,178.0,15.054455784347004,0.0
Image_13,1350,514.2,188.2,5.0,2.5231325220201604,3.652029051991464
Image_13,1204,490.1929824561403,178.93421052631578,228.0,17.03815178355966,0.0
Image_13,1073,471.11,178.97,100.0,11.283791670955123,0.0
Image_13,1057,457.52941176470586,182.07563025210084,238.0,17.407785949022028,0.4774333188582567
Image_13,1043,424.978021978022,168.04395604395606,273.0,18.64388360059941,0.0
Image_13,1042,408.87,170.095,200.0,15.957691216057308,0.5984989910012768
Image_13,114,391.5747126436781,150.0,87.0,10.524820207108489,0.0
Image_13,954,379.3582089552239,152.01492537313433,134.0,13.061933202803932,0.0
Image_13,937,368.1057692307692,152.71153846153845,104.0,11.507254783503184,0.0
Image_13,948,355.9351851851852,153.7685185185185,108.0,11.726460285670075,0.0
Image_13,938,343.1105769230769,140.08653846153845,208.0,16.273715780512877,0.0
Image_13,943,328.60747663551405,141.52336448598132,214.0,16.50676414605009,0.0
Image_13,1469,318.22222222222223,145.94444444444446,18.0,4.787307364817192,0.6713105973164932
Image_13,96,306.05882352941177,145.44117647058823,34.0,6.579524642479541,3.5822825713640167
Image_13,1473,280.035,133.945,200.0,15.957691216057308,0.0
Image_13,820,259.76339285714283,123.47767857142856,224.0,16.88803298257901,0.0
Image_13,693,242.00411522633743,124.46913580246914,243.0,17.58969042850512,0.0
Image_13,1462,231.92307692307693,122.23076923076924,13.0,4.068428945128219,5.65513480407252
Image_13,702,214.625,126.375,8.0,3.1915382432114616,0.0
Image_13,692,203.4537037037037,125.09722222222224,216.0,16.583719174624104,0.0
Image_13,1458,192.99657534246572,110.61986301369863,292.0,19.281751659604677,0.0
Image_13,1389,173.7086956521739,114.2391304347826,230.0,17.112717355495807,0.0
Image_13,1408,154.69230769230768,103.73076923076924,26.0,5.753627391751592,11.835293331109328
Image_13,585,127.0,114.5,2.0,1.5957691216057308,4.3920920727929005
Image_13,560,104.9796511627907,94.14244186046513,344.0,20.928315827817965,0.0
Image_13,401,94.0,100.0,1.0,1.1283791670955126,2.580188852227339
Image_13,394,71.18503937007874,95.5275590551181,254.0,17.983404693292407,0.0
Image_13,1393,60.5,95.0,10.0,3.5682482323055424,5.199858204878691
Image_13,400,35.78125,84.0125,160.0,14.27299292922217,0.0
Image_13,392,17.63135593220339,85.54661016949153,236.0,17.334489682638438,0.0
Image_13,1535,3.327731092436975,87.12605042016807,119.0,12.309163489997376,0.0
Image_14,384,630.2032520325204,176.4878048780488,246.0,17.697935698969246,0.0
Image_14,379,608.5138339920949,178.00395256916997,253.0,17.94796937867892,0.0
Image_14,373,590.2451923076923,181.28365384615384,208.0,16.273715780512877,0.0
Image_14,388,580.0,179.0,1.0,1.1283791670955126,3.855036599429324
Image_14,382,553.7655172413793,184.81724137931036,290.0,19.21560480373171,0.0
Image_14,1429,531.9471947194719,185.5346534653465,303.0,19.64157789116634,0.0
Image_14,1436,516.3333333333334,192.33333333333331,3.0,1.95441004761168,0.29062390686110895
Image_14,1436,500.05027932960894,187.8491620111732,179.0,15.09668435477122,0.0
Image_14,1428,485.6182795698925,188.8924731182796,186.0,15.389040103942165,0.0
Image_14,1289,471.12883435582825,190.9447852760736,163.0,14.406180819073164,0.0
Image_14,147,458.4918032786885,191.94262295081967,122.0,12.463355264843006,0.0
Image_14,1286,446.64324324324326,194.7405405405405,185.0,15.347615963921076,0.0
Image_14,1283,431.6666666666667,195.4398148148148,216.0,16.583719174624104,0.0
Image_14,1290,417.105504587156,196.1880733944954,218.0,16.66031874701878,0.0
Image_14,1280,403.7888888888889,198.87777777777777,180.0,15.13879513212096,0.0
Image_14,1134,390.8579234972677,201.103825136612,183.0,15.26443044094783,0.0
Image_14,1142,375.89230769230767,201.62307692307687,260.0,18.19456736586892,0.0
Image_14,1126,354.5529411764706,219.5441176470588,340.0,20.8062837914404,0.0
Image_14,1129,332.2168674698795,220.9186746987952,332.0,20.56004690782767,0.0
Image_14,1006,312.1674418604651,221.50697674418603,215.0,16.545286401814263,0.0
Image_14,1007,296.7841726618705,222.68345323741008,139.0,13.303394180365686,0.0
Image_14,1008,282.5189873417722,224.62025316455697,158.0,14.183506197980655,0.0
Image_14,98,268.6551724137931,226.36206896551724,174.0,14.884343478431232,0.0
Image_14,1013,253.5737704918033,226.9672131147541,183.0,15.26443044094783,0.0
Image_14,862,237.73831775700936,228.7289719626168,214.0,16.50676414605009,0.0
Image_14,91,222.41304347826087,229.7717391304348,184.0,15.306079714651624,0.0
Image_14,1757,211.6,233.3,10.0,3.5682482323055424,2.962488986814644
Image_14,870,195.2421052631579,244.14736842105265,95.0,10.998079684646791,0.0
Image_14,871,179.66666666666666,246.11458333333331,96.0,11.055812783082736,0.0
Image_14,730,163.0940170940171,247.85470085470087,117.0,12.205286835384658,0.0
Image_14,729,140.954802259887,250.36723163841808,177.0,15.012108426804138,2.1502541888935234
Image_14,1692,122.125,239.875,8.0,3.1915382432114616,0.5225069368359421
Image_14,1687,97.2225201072386,241.0911528150134,373.0,21.792621462004423,0.0
Image_14,1853,82.5945945945946,247.94594594594597,37.0,6.863662517577698,0.833432957891409
Image_14,55,71.81967213114754,260.59016393442624,61.0,8.812923024107548,0.0
Image_14,1686,52.37789203084833,247.2442159383033,389.0,22.255115881567058,0.0
Image_14,1850,40.4056338028169,264.17464788732394,355.0,21.260292528114064,0.0
Image_14,34,21.90909090909091,261.7696969696969,165.0,14.494292838262302,0.0
Image_14,33,4.561797752808989,263.70786516853934,89.0,10.645107772184812,0.0
Image_15,496,635.2929292929293,326.7676767676768,99.0,11.227230955528665,0.0
Image_15,493,619.905,325.705,200.0,15.957691216057308,0.0
Image_15,485,603.6359223300971,328.6990291262136,206.0,16.195287778099022,0.0
Image_15,482,588.6305732484077,329.171974522293,157.0,14.13855043925722,0.0
Image_15,487,576.112426035503,329.62721893491124,169.0,14.668929172241665,0.0
Image_15,479,561.375,331.4913793103448,232.0,17.186959427966244,0.0
Image_15,1618,544.0772532188842,332.90557939914163,233.0,17.22396045987371,0.0
Image_15,1470,528.0204081632653,333.8928571428572,196.0,15.797308339337176,0.0
Image_15,1451,510.0537634408602,322.61290322580646,93.0,10.881694613449236,0.0
Image_15,1433,495.0894308943089,324.6016260162602,123.0,12.514330345744634,0.0
Image_15,1465,476.5234375,326.46875,128.0,12.766152972845846,0.0
Image_15,1841,459.5910543130991,313.5367412140575,313.0,19.963065333312567,0.0
Image_15,1789,447.8181818181818,318.3636363636364,11.0,3.742410318509555,0.8556542267726561
Image_15,1841,436.5675675675676,314.81081081081084,37.0,6.863662517577698,1.2679139726942807
Image_15,1646,425.8875,330.125,80.0,10.09253008808064,0.0
Image_15,1797,409.5,330.51020408163265,98.0,11.170383851240114,1.1205875304754134
Image_15,1163,385.7094594594595,320.0337837837838,148.0,13.727325035155395,0.0
Image_15,1785,371.4343434343434,322.0757575757576,198.0,15.877702285203682,0.0
Image_15,1790,360.6666666666667,310.5,6.0,2.763953195770684,7.705069656799626
Image_15,1739,341.0,313.0,5.0,2.5231325220201604,3.4530539454191356
Image_15,1056,320.84722222222223,327.65277777777777,216.0,16.583719174624104,0.0
Image_15,1034,302.96153846153845,314.4855769230769,208.0,16.273715780512877,0.0
Image_15,1038,286.05194805194805,315.6666666666667,231.0,17.14987856615383,0.0
Image_15,1047,274.6666666666667,312.3333333333333,3.0,1.95441004761168,0.8896431615818976
Image_15,1042,255.99074074074076,317.80555555555554,216.0,16.583719174624104,0.0
Image_15,908,237.7603550295858,318.44970414201185,338.0,20.7449985808745,0.0
Image_15,1753,218.01208459214504,320.4652567975831,331.0,20.529059630371258,0.0
Image_15,1754,201.8275862068965,303.8888888888889,261.0,18.229523339239496,0.0
Image_15,918,182.69827586206893,306.88793103448273,232.0,17.186959427966244,0.0
Image_15,787,164.7906976744186,308.43798449612405,258.0,18.12445316531431,0.0
Image_15,1692,144.62678062678063,311.20512820512823,351.0,21.14017691983778,0.0
Image_15,781,122.79538904899135,313.1729106628242,347.0,21.019374919894773,0.0
Image_15,792,104.79213483146069,315.123595505618,178.0,15.054455784347004,0.0
Image_15,651,91.83422459893048,315.72192513368987,187.0,15.430353037616328,0.29980515375819294
Image_15,67,80.45,299.05,20.0,5.046265044040321,1.8768593509406237
Image_15,643,56.834146341463416,302.7512195121951,205.0,16.15593100600236,0.0
Image_15,644,43.82857142857143,303.0190476190476,105.0,11.562445770562215,0.0
Image_15,650,30.691011235955056,303.1629213483146,178.0,15.054455784347004,0.0
Image_15,1681,20.46153846153846,305.60769230769233,390.0,22.28370306853673,0.0
Image_15,58,1.9130434782608696,306.3623188405797,69.0,9.373021315815206,0.0
Image_16,58,630.311403508772,465.9342105263158,228.0,17.03815178355966,0.0
Image_16,1934,618.6098901098901,467.3699633699634,546.0,26.366433043273013,0.0
Image_16,647,591.0125523012553,468.8200836820084,239.0,17.44431859350499,1.4063922492857852
Image_16,638,578.0,453.0,1.0,1.1283791670955126,0.0
Image_16,624,563.1965317919075,458.3236994219653,346.0,20.98906578384008,0.0
Image_16,1787,545.7277486910995,445.9895287958115,191.0,15.594510349620345,1.0426045451609554
Image_16,1794,527.4,452.2,5.0,2.5231325220201604,0.044122938330621864
Image_16,1758,517.1293532338309,437.6318407960199,201.0,15.99753570059363,0.0
Image_16,1752,505.5875,437.19375,160.0,14.27299292922217,0.0
Image_16,1761,490.3099415204678,440.0204678362573,342.0,20.867389014906145,0.0
Image_16,1929,470.36879432624113,422.2659574468085,282.0,18.948708441878452,0.0
Image_16,1608,453.4924812030075,423.906015037594,266.0,18.403307281560924,0.0
Image_16,1623,438.7512195121951,423.3951219512195,205.0,16.15593100600236,0.0
Image_16,1624,420.7,423.7125,80.0,10.09253008808064,0.0
Image_16,2162,406.0109289617486,416.1147540983607,183.0,15.26443044094783,0.0
Image_16,2111,381.4392156862745,403.5568627450981,255.0,18.01877032173579,0.0
Image_16,1486,366.875,405.0,152.0,13.911592676604096,0.0
Image_16,2115,353.037037037037,389.81944444444446,216.0,16.583719174624104,0.0
Image_16,1474,342.5,395.25,12.0,3.90882009522336,0.0
Image_16,1474,323.910447761194,394.3930348258706,201.0,15.99753570059363,0.0
Image_16,197,304.6666666666667,379.625730994152,171.0,14.755472278097804,0.0
Image_16,1306,292.50666666666666,368.6533333333333,150.0,13.81976597885342,0.0
Image_16,1303,274.7032258064516,370.6193548387097,155.0,14.048207338801282,0.0
Image_16,2176,261.07471264367814,371.5229885057472,174.0,14.884343478431232,0.0
Image_16,1146,245.67605633802816,357.793427230047,213.0,16.46815177937675,0.0
Image_16,1159,230.98295454545453,358.875,176.0,14.96964127403822,0.0
Image_16,1143,218.14594594594595,359.2810810810811,185.0,15.347615963921076,0.0
Image_16,1141,205.1264367816092,360.0689655172414,174.0,14.884343478431232,0.0
Image_16,2011,193.1,354.7,10.0,3.5682482323055424,1.1782192441207169
Image_16,1994,181.94416243654825,337.0913705583756,197.0,15.837556323903858,0.0
Image_16,991,165.4527027027027,350.4932432432432,148.0,13.727325035155395,0.0
Image_16,989,147.47179487179488,330.34871794871793,195.0,15.7569575497098,0.0
Image_16,974,128.982683982684,333.1082251082251,231.0,17.14987856615383,0.0
Image_16,955,115.05357142857144,317.20982142857144,224.0,16.88803298257901,0.0
Image_16,2005,100.62450592885376,318.00395256916994,253.0,17.94796937867892,0.0
Image_16,771,84.55426356589147,318.9961240310077,258.0,18.12445316531431,0.0
Image_16,776,68.80932203389831,320.90677966101697,236.0,17.334489682638438,0.0
Image_16,789,50.049751243781095,303.97512437810946,201.0,15.99753570059363,0.0
Image_16,80,36.865921787709496,304.9106145251397,179.0,15.09668435477122,0.0
Image_16,82,24.69934640522876,306.281045751634,153.0,13.957279475043832,0.0
Image_16,81,11.938967136150234,307.81220657277,213.0,16.46815177937675,0.0
Image_17,1759,624.6244541484716,66.16157205240175,229.0,17.075475271404667,0.0
Image_17,494,605.2701149425287,67.05747126436782,174.0,14.884343478431232,0.0
Image_17,488,585.5612244897959,70.32142857142857,196.0,15.797308339337176,0.0
Image_17,506,573.3585657370518,62.9203187250996,251.0,17.876888032555495,0.0
Image_17,504,559.3870967741935,71.40322580645162,62.0,8.884866446580956,0.0
Image_17,1741,544.6358695652174,73.71739130434783,184.0,15.306079714651624,0.0
Image_17,1528,528.6503496503497,58.06293706293706,143.0,13.49345229721172,0.0
Image_17,1517,514.7401574803149,59.88976377952756,127.0,12.716187407449045,0.0
Image_17,1524,499.95620437956205,60.97080291970803,137.0,13.207339536360733,0.0
Image_17,1520,484.75409836065575,62.05737704918032,122.0,12.463355264843006,0.0
Image_17,1533,470.84251968503935,81.65354330708661,127.0,12.716187407449045,0.0
Image_17,1369,457.0336134453781,82.84033613445378,119.0,12.309163489997376,0.0
Image_17,1372,441.2903225806452,84.3763440860215,93.0,10.881694613449236,0.0
Image_17,195,426.8870967741936,67.87903225806451,124.0,12.565098628628435,0.4609554109971459
Image_17,1368,414.1168831168831,86.28571428571429,77.0,9.901487006738307,0.0
Image_17,1362,398.4742268041237,87.95876288659794,97.0,11.11324596323283,0.0
Image_17,1189,382.8631578947368,90.92631578947368,95.0,10.998079684646791,0.37681280931169603
Image_17,1191,367.0506329113924,77.31645569620254,79.0,10.02925341359355,0.0
Image_17,1204,356.82771535580525,86.49063670411985,267.0,18.437867513470437,0.0
Image_17,166,342.9846153846154,78.06923076923077,130.0,12.865501965161371,0.0
Image_17,1202,332.43835616438355,95.86301369863014,73.0,9.640875829802336,0.0
Image_17,1043,319.76,97.78666666666666,75.0,9.772050238058398,0.0
Image_17,1046,306.5,84.3173076923077,104.0,11.507254783503184,0.0
Image_17,1034,294.15686274509807,85.12745098039215,102.0,11.396070970426017,0.0
Image_17,1036,282.9484536082474,86.49484536082474,97.0,11.11324596323283,0.0
Image_17,1037,272.42105263157896,88.38157894736842,76.0,9.83698151873187,0.0
Image_17,1030,261.1454545454545,90.8,110.0,11.834540545406394,0.0
Image_17,913,248.55172413793105,92.3103448275862,116.0,12.153015559492998,0.0
Image_17,918,237.81333333333333,93.84,75.0,9.772050238058398,0.6567379391428663
Image_17,111,223.8030303030303,107.25757575757576,66.0,9.16699568847508,5.565594735329343
Image_17,922,197.5,98.65517241379312,58.0,8.593479713983122,3.7300155505642802
Image_17,939,176.64285714285714,101.82142857142856,28.0,5.970821321441846,6.152818468580291
Image_17,91,157.30769230769232,111.0,13.0,4.068428945128219,0.26459762749527727
Image_17,830,136.25714285714287,107.6122448979592,245.0,17.66192765414112,0.0
Image_17,1789,107.54627949183303,113.27586206896552,551.0,26.486883341553696,0.0
Image_17,1800,83.83333333333333,114.16666666666669,6.0,2.763953195770684,0.7994511021229673
Image_17,715,65.85380116959064,117.64327485380116,171.0,14.755472278097804,0.0
Image_17,719,50.989010989010985,116.56043956043956,91.0,10.764051215546116,0.0
Image_17,709,33.21393034825871,120.24875621890548,201.0,15.99753570059363,0.0
Image_17,708,14.193548387096774,123.36559139784946,186.0,15.389040103942165,0.0
Image_18,1531,637.7307692307693,186.6153846153846,26.0,5.753627391751592,0
Image_18,22,621.421052631579,186.1315789473684,152.0,13.911592676604096,1.8284342155220497
Image_18,394,599.6730769230769,203.52884615384616,104.0,11.507254783503184,1.4487996297819477
Image_18,1514,585.25,212.25,8.0,3.1915382432114616,0.11818993469122852
Image_18,1514,564.9683794466404,209.4426877470356,253.0,17.94796937867892,0
Image_18,1496,545.2153846153847,209.88615384615383,325.0,20.34214472564109,0
Image_18,1335,532.0941176470589,225.7941176470588,170.0,14.712264360219256,0
Image_18,1339,511.3731343283582,228.87562189054725,201.0,15.99753570059363,0
Image_18,1334,492.7135416666667,231.71354166666663,192.0,15.635280380893438,0
Image_18,1338,476.2734375,232.765625,128.0,12.766152972845846,0
Image_18,1532,460.6130136986301,249.6780821917808,292.0,19.281751659604677,0
Image_18,1229,448.5,254.0,2.0,1.5957691216057308,2.7001918285449786
Image_18,1220,425.3965517241379,252.3275862068965,232.0,17.186959427966244,0
Image_18,1221,407.50961538461536,255.9471153846154,208.0,16.273715780512877,0
Image_18,1102,392.6976744186047,258.0755813953488,172.0,14.798554040663838,0
Image_18,1107,380.7878787878788,272.8888888888889,99.0,11.227230955528665,0
Image_18,1100,366.9189189189189,273.7432432432432,74.0,9.70668461991024,NA
Image_18,1663,323.0,280.37254901960785,51.0,8.058239062071396,0
Image_18,1662,310.46,281.64,50.0,7.978845608028654,2.4258847066310114
Image_18,957,277.9446902654867,295.3008849557522,452.0,23.98967015655475,0
Image_18,974,260.9633027522936,305.45871559633025,109.0,11.780624362746345,0
Image_18,841,245.11111111111111,299.62452107279694,261.0,18.229523339239496,0
Image_18,849,232.5496688741722,303.35099337748346,151.0,13.86575534383214,0
Image_18,852,222.26470588235293,303.5735294117647,136.0,13.159049284959082,0
Image_18,863,204.90434782608696,326.18695652173915,230.0,17.112717355495807,0
Image_18,867,184.2883435582822,327.3803680981595,326.0,20.37341629633241,0
Image_18,755,173.57142857142858,327.5,14.0,4.222008245644752,0.8827115642625216
Image_18,742,153.61666666666667,330.8611111111111,180.0,15.13879513212096,0
Image_18,739,138.24468085106383,333.9574468085106,188.0,15.471555655790098,0
Image_18,745,123.80281690140843,334.443661971831,142.0,13.446189622059965,0
Image_18,53,112.45045045045045,350.2432432432432,111.0,11.888212206450683,0
Image_18,584,98.60427807486631,340.83957219251334,187.0,15.430353037616328,0
Image_18,579,85.183908045977,343.5057471264368,174.0,14.884343478431232,0
Image_18,597,71.95419847328245,347.0992366412213,131.0,12.914889870235298,0
Image_18,591,61.36065573770492,358.827868852459,122.0,12.463355264843006,0
Image_18,582,49.95973154362416,367.9865771812081,149.0,13.773623058786647,0
Image_18,589,38.16883116883117,359.6818181818182,154.0,14.002817212590296,0
Image_18,590,21.74712643678161,369.7241379310345,87.0,10.524820207108489,0
Image_18,599,3.0155038759689923,368.2248062015504,129.0,12.815923738491737,0
